{"type":"FeatureCollection","features":[{"type":"Feature","properties":{"id":28902303,"name":"Unnamed green space","category":"park"},"geometry":{"type":"Polygon","coordinates":[[[145.2871716,-38.0816721],[145.2871485,-38.0817908],[145.2870559,-38.0822751],[145.2870841,-38.0822805],[145.2871188,-38.0822881],[145.28716,-38.0823014],[145.2872044,-38.0823242],[145.2872403,-38.0823513],[145.2872694,-38.0823785],[145.2872916,-38.0824133],[145.2873051,-38.0824479],[145.2873159,-38.0824943],[145.2873175,-38.0825343],[145.2872367,-38.082976],[145.2875742,-38.0830178],[145.2876835,-38.0824353],[145.2880559,-38.0824787],[145.2880738,-38.0824566],[145.2881042,-38.0824338],[145.2881438,-38.0824165],[145.2881915,-38.0824031],[145.2882267,-38.0823979],[145.2882601,-38.0823989],[145.28838,-38.0824134],[145.2884921,-38.0818217],[145.288416,-38.0818129],[145.2883639,-38.0818026],[145.2883231,-38.0817879],[145.2882918,-38.0817705],[145.2882643,-38.0817467],[145.2882475,-38.081722],[145.2882266,-38.0816848],[145.2878331,-38.0816376],[145.2875064,-38.0815535],[145.2875008,-38.0815746],[145.2874905,-38.0815955],[145.2874665,-38.0816219],[145.287439,-38.081643],[145.2874099,-38.0816567],[145.2873776,-38.0816634],[145.2871716,-38.0816721]]]}},{"type":"Feature","properties":{"id":46418652,"name":"Casey Fields","category":"park"},"geometry":{"type":"Polygon","coordinates":[[[145.3068267,-38.11981],[145.3064619,-38.121686],[145.3064074,-38.1226272],[145.3071399,-38.1227051],[145.3073181,-38.1228514],[145.3071891,-38.1235298],[145.3070657,-38.1241447],[145.3069957,-38.1246274],[145.3065869,-38.1271707],[145.3065847,-38.1271842],[145.3107427,-38.1277311],[145.3132695,-38.128061],[145.3158113,-38.1283929],[145.3160441,-38.1272134],[145.3162809,-38.1260137],[145.3166243,-38.1242736],[145.3169325,-38.1227125],[145.3171181,-38.121772],[145.3156753,-38.1209094],[145.3126739,-38.1191348],[145.3101607,-38.117626],[145.3085664,-38.1166855],[145.3078756,-38.1166148],[145.3075696,-38.1171765],[145.307233,-38.1184681],[145.3068267,-38.11981]]]}},{"type":"Feature","properties":{"id":48575297,"name":"Unnamed green space","category":"park"},"geometry":{"type":"Polygon","coordinates":[[[145.2823442,-38.0967116],[145.2817394,-38.0968568],[145.2815552,-38.0969368],[145.2813147,-38.0971661],[145.281209,-38.0977445],[145.282265,-38.0978677],[145.2825107,-38.09763],[145.2826656,-38.0974776],[145.2823442,-38.0967116]]]}},{"type":"Feature","properties":{"id":48724864,"name":"Unnamed green space","category":"park"},"geometry":{"type":"Polygon","coordinates":[[[145.2849994,-38.0881165],[145.2859459,-38.0882334],[145.2860313,-38.088067],[145.286137,-38.0879902],[145.2862598,-38.0879166],[145.2859635,-38.087329],[145.2859111,-38.0873276],[145.2857906,-38.0873333],[145.2854955,-38.0873291],[145.285162,-38.0873037],[145.2849994,-38.0881165]]]}},{"type":"Feature","properties":{"id":49035295,"name":"Unnamed green space","category":"park"},"geometry":{"type":"Polygon","coordinates":[[[145.2898068,-38.0913629],[145.289544,-38.0927055],[145.2899892,-38.0926379],[145.2900697,-38.0926337],[145.2901555,-38.0925999],[145.2904076,-38.0914178],[145.2898068,-38.0913629]]]}},{"type":"Feature","properties":{"id":49036458,"name":"Unnamed green space","category":"park"},"geometry":{"type":"Polygon","coordinates":[[[145.2895134,-38.0929309],[145.2893588,-38.0937548],[145.2899499,-38.0938271],[145.2900051,-38.0938247],[145.2899818,-38.0937303],[145.2899753,-38.0936277],[145.2899861,-38.0935264],[145.2900079,-38.0933983],[145.2900971,-38.0929287],[145.2900978,-38.0928735],[145.2900769,-38.0928381],[145.2900485,-38.0928195],[145.2900072,-38.0928159],[145.2899474,-38.0928299],[145.2896153,-38.0928647],[145.2895637,-38.0928762],[145.289533,-38.092892],[145.2895134,-38.0929309]]]}},{"type":"Feature","properties":{"id":96924259,"name":"Unnamed green space","category":"park"},"geometry":{"type":"Polygon","coordinates":[[[145.2834982,-38.1066818],[145.2835894,-38.1062195],[145.283407,-38.1062027],[145.2834901,-38.1057594],[145.2829778,-38.1057003],[145.2831656,-38.106057],[145.283128,-38.1060802],[145.2830073,-38.1061182],[145.2829054,-38.1062069],[145.2829188,-38.1063166],[145.2827927,-38.106342],[145.2827418,-38.106266],[145.2826184,-38.1062512],[145.2825299,-38.1062871],[145.2826855,-38.1065699],[145.2834982,-38.1066818]]]}},{"type":"Feature","properties":{"id":112150065,"name":"Archers Field Reserve","category":"reserve"},"geometry":{"type":"Polygon","coordinates":[[[145.3053077,-38.1109349],[145.3052838,-38.1109505],[145.3052524,-38.1109709],[145.3052047,-38.11157],[145.3051743,-38.1119511],[145.3051267,-38.1121639],[145.3051572,-38.1122014],[145.3056848,-38.1122928],[145.3057953,-38.1122628],[145.3058524,-38.1121834],[145.3060944,-38.1110563],[145.3060677,-38.1110218],[145.3060048,-38.1110083],[145.3053077,-38.1109349]]]}},{"type":"Feature","properties":{"id":112150072,"name":"Melbourne Water Pipe Track Reserve","category":"reserve"},"geometry":{"type":"Polygon","coordinates":[[[145.3001076,-38.1062962],[145.3002734,-38.1061551],[145.3004693,-38.1059885],[145.3012956,-38.1052857],[145.3014727,-38.1051351],[145.3015597,-38.1046827],[145.2999796,-38.1060363],[145.3000424,-38.1061275],[145.3000569,-38.1062682],[145.3001076,-38.1062962]]]}},{"type":"Feature","properties":{"id":112150082,"name":"Mayfield Wetlands","category":"park"},"geometry":{"type":"Polygon","coordinates":[[[145.3081981,-38.1098736],[145.3081765,-38.1099432],[145.3081522,-38.1100527],[145.3080106,-38.1107208],[145.3080113,-38.110765],[145.3080179,-38.1108402],[145.3080149,-38.1109617],[145.3080034,-38.1110468],[145.3079783,-38.1111121],[145.3079481,-38.1111533],[145.3079202,-38.111184],[145.3079501,-38.1111929],[145.3089054,-38.1113089],[145.3089127,-38.111262],[145.3089394,-38.1110961],[145.3089535,-38.11104],[145.3089648,-38.1110254],[145.3090274,-38.1110121],[145.3093927,-38.1110543],[145.3094793,-38.110646],[145.3095972,-38.1101039],[145.3095479,-38.1100511],[145.3091564,-38.1099899],[145.3089102,-38.1099581],[145.3083715,-38.1098933],[145.3081981,-38.1098736]]]}},{"type":"Feature","properties":{"id":112150100,"name":"Melbourne Water Pipe Track Reserve","category":"reserve"},"geometry":{"type":"Polygon","coordinates":[[[145.3051163,-38.1016028],[145.3053712,-38.1017648],[145.3069641,-38.1004178],[145.3065715,-38.1003568],[145.3051163,-38.1016028]]]}},{"type":"Feature","properties":{"id":112150114,"name":"Melbourne Water Pipe Track Reserve","category":"reserve"},"geometry":{"type":"Polygon","coordinates":[[[145.3019028,-38.1047943],[145.3022646,-38.1044842],[145.3028076,-38.1040186],[145.3032487,-38.1036508],[145.3028147,-38.103598],[145.3019915,-38.1043083],[145.3019028,-38.1047943]]]}},{"type":"Feature","properties":{"id":112150126,"name":"The Hunt Club Gardens","category":"park"},"geometry":{"type":"Polygon","coordinates":[[[145.2982967,-38.1060435],[145.2989897,-38.1063131],[145.2991013,-38.1062662],[145.2991943,-38.1063131],[145.299131,-38.1064214],[145.2991013,-38.1065356],[145.2993054,-38.1066137],[145.2993562,-38.1065696],[145.2994286,-38.1065924],[145.2996219,-38.1066076],[145.2998345,-38.1065392],[145.2997919,-38.1065758],[145.3002435,-38.1066439],[145.3003476,-38.1062369],[145.3002734,-38.1061551],[145.3001076,-38.1062962],[145.3000569,-38.1062682],[145.3000424,-38.1061275],[145.2999796,-38.1060363],[145.2999516,-38.1060225],[145.2997403,-38.1059382],[145.2997641,-38.1058749],[145.2996102,-38.105813],[145.2994924,-38.1057655],[145.2987283,-38.105458],[145.2986568,-38.1054791],[145.2986122,-38.1055423],[145.2982967,-38.1060435]]]}},{"type":"Feature","properties":{"id":112150134,"name":"Unnamed green space","category":"park"},"geometry":{"type":"Polygon","coordinates":[[[145.3048445,-38.1100577],[145.3048162,-38.1101943],[145.3051702,-38.1102411],[145.3051985,-38.1101015],[145.3048445,-38.1100577]]]}},{"type":"Feature","properties":{"id":112150142,"name":"Statesman Reserve","category":"reserve"},"geometry":{"type":"Polygon","coordinates":[[[145.303252,-38.1080507],[145.3032196,-38.1082605],[145.303292,-38.1083385],[145.3054274,-38.1086023],[145.3054902,-38.1082545],[145.3045607,-38.1081436],[145.3044788,-38.1081421],[145.304273,-38.1081151],[145.3042521,-38.1081016],[145.3033415,-38.1079937],[145.3033053,-38.1079982],[145.303252,-38.1080507]]]}},{"type":"Feature","properties":{"id":112150147,"name":"Melbourne Water Pipe Track Reserve","category":"reserve"},"geometry":{"type":"Polygon","coordinates":[[[145.3029604,-38.1034692],[145.3033493,-38.1035141],[145.305191,-38.1019516],[145.3049114,-38.1017823],[145.3029604,-38.1034692]]]}},{"type":"Feature","properties":{"id":112150157,"name":"Unnamed green space","category":"park"},"geometry":{"type":"Polygon","coordinates":[[[145.3075165,-38.1085546],[145.3074961,-38.108684],[145.308204,-38.1087683],[145.3082253,-38.1086383],[145.3075165,-38.1085546]]]}},{"type":"Feature","properties":{"id":112150175,"name":"Unnamed green space","category":"park"},"geometry":{"type":"Polygon","coordinates":[[[145.3029543,-38.1104987],[145.3030591,-38.1099651],[145.3028369,-38.1099377],[145.3027355,-38.1104706],[145.3029543,-38.1104987]]]}},{"type":"Feature","properties":{"id":112150177,"name":"Unnamed green space","category":"park"},"geometry":{"type":"Polygon","coordinates":[[[145.3057099,-38.10831],[145.3056861,-38.1084523],[145.307291,-38.1086566],[145.3073172,-38.108516],[145.3057099,-38.10831]]]}},{"type":"Feature","properties":{"id":112150182,"name":"Unnamed green space","category":"park"},"geometry":{"type":"Polygon","coordinates":[[[145.3027069,-38.1106122],[145.3026032,-38.1111458],[145.3028263,-38.111172],[145.3029309,-38.1106405],[145.3027069,-38.1106122]]]}},{"type":"Feature","properties":{"id":112265378,"name":"Unnamed green space","category":"park"},"geometry":{"type":"Polygon","coordinates":[[[145.2963346,-38.1029223],[145.29625,-38.1027452],[145.2961156,-38.1027821],[145.29617,-38.1029579],[145.2963346,-38.1029223]]]}},{"type":"Feature","properties":{"id":112265384,"name":"Atrus Park","category":"park"},"geometry":{"type":"Polygon","coordinates":[[[145.2935773,-38.1030265],[145.2933899,-38.103242],[145.2933106,-38.1033639],[145.2932995,-38.1035075],[145.2932977,-38.1036685],[145.293283,-38.1038266],[145.2933069,-38.1039151],[145.2934581,-38.1040862],[145.2936903,-38.1041907],[145.2939517,-38.1042418],[145.294427,-38.1043013],[145.2944702,-38.1042192],[145.2946502,-38.1032616],[145.294643,-38.1031285],[145.2945782,-38.103052],[145.2945134,-38.1029613],[145.2943514,-38.102865],[145.2941714,-38.1028366],[145.2939769,-38.1028508],[145.2938113,-38.1029018],[145.2936601,-38.1029755],[145.2935773,-38.1030265]]]}},{"type":"Feature","properties":{"id":112265385,"name":"Unnamed green space","category":"park"},"geometry":{"type":"Polygon","coordinates":[[[145.3009974,-38.1033728],[145.3009394,-38.1036618],[145.3010723,-38.1036799],[145.3011303,-38.1033928],[145.3009974,-38.1033728]]]}},{"type":"Feature","properties":{"id":129898712,"name":"Cascades Park","category":"park"},"geometry":{"type":"Polygon","coordinates":[[[145.318104,-38.1027498],[145.3189462,-38.1028574],[145.3189717,-38.1028025],[145.3190092,-38.1027413],[145.3190884,-38.1026083],[145.3190399,-38.102598],[145.3189757,-38.1025756],[145.3189261,-38.1025471],[145.3188403,-38.102506],[145.3187571,-38.1024785],[145.3186619,-38.1024595],[145.3181845,-38.1024047],[145.3181481,-38.1024133],[145.3180866,-38.1027265],[145.318104,-38.1027498]]]}},{"type":"Feature","properties":{"id":155241505,"name":"Unnamed green space","category":"park"},"geometry":{"type":"Polygon","coordinates":[[[145.3302081,-38.1315543],[145.3299594,-38.1317253],[145.3301769,-38.1324398],[145.3304005,-38.1326332],[145.3306921,-38.132407],[145.3308229,-38.1325182],[145.3305327,-38.1327461],[145.3306858,-38.1328771],[145.3309911,-38.1326372],[145.3314672,-38.133027],[145.3311452,-38.1332695],[145.332413,-38.1343529],[145.3332877,-38.1344555],[145.3335739,-38.1347029],[145.3337757,-38.1347187],[145.3302081,-38.1315543]]]}},{"type":"Feature","properties":{"id":159018224,"name":"Heritage Park","category":"park"},"geometry":{"type":"Polygon","coordinates":[[[145.3230243,-38.1145475],[145.3229941,-38.1146781],[145.3227317,-38.1159359],[145.322667,-38.1162203],[145.3226275,-38.1162145],[145.3225939,-38.1164957],[145.3225898,-38.1165314],[145.3229948,-38.1165809],[145.323095,-38.1164773],[145.3232327,-38.116374],[145.3232326,-38.1163485],[145.3233476,-38.1162688],[145.3234185,-38.116192],[145.323465,-38.1161209],[145.3235242,-38.1159774],[145.3237515,-38.1148637],[145.3237934,-38.1147626],[145.3237589,-38.1146771],[145.3237119,-38.1146344],[145.3236408,-38.114607],[145.3233068,-38.1145586],[145.3231882,-38.114543],[145.3231289,-38.1145625],[145.3230243,-38.1145475]]]}},{"type":"Feature","properties":{"id":159018225,"name":"Unnamed green space","category":"park"},"geometry":{"type":"Polygon","coordinates":[[[145.3191725,-38.1115703],[145.318884,-38.1129754],[145.3187616,-38.1131704],[145.3186713,-38.113288],[145.3186079,-38.1133351],[145.3185188,-38.1134752],[145.3184535,-38.1136016],[145.3184088,-38.1137374],[145.3183016,-38.1142614],[145.3182309,-38.1146016],[145.3181364,-38.1150573],[145.318112,-38.1151526],[145.3180816,-38.1152115],[145.3180139,-38.115495],[145.31838,-38.1155437],[145.3187364,-38.1136942],[145.3188482,-38.1135858],[145.3189994,-38.1134209],[145.3191367,-38.1132431],[145.3192466,-38.1130173],[145.3194322,-38.1121397],[145.3195559,-38.1115695],[145.3193807,-38.1115884],[145.3191725,-38.1115703]]]}},{"type":"Feature","properties":{"id":159018226,"name":"Hilltop Park","category":"park"},"geometry":{"type":"Polygon","coordinates":[[[145.3261349,-38.1104633],[145.3269236,-38.1105619],[145.3270136,-38.1105502],[145.3270928,-38.1105257],[145.3274933,-38.1085104],[145.3273818,-38.1084645],[145.3272999,-38.108428],[145.327158,-38.1084037],[145.3270243,-38.108386],[145.3269078,-38.1083845],[145.326797,-38.1083913],[145.3266799,-38.1084053],[145.326567,-38.1084279],[145.3261349,-38.1104633]]]}},{"type":"Feature","properties":{"id":176876126,"name":"Junction Village Recreation Reserve","category":"reserve"},"geometry":{"type":"Polygon","coordinates":[[[145.2942631,-38.1368367],[145.2943714,-38.1362722],[145.2940128,-38.1360644],[145.2944463,-38.1337831],[145.294104,-38.1337306],[145.2933794,-38.1336454],[145.2927407,-38.1335755],[145.2921742,-38.1335083],[145.2921656,-38.1335596],[145.2923443,-38.1335791],[145.2925462,-38.1336165],[145.2923093,-38.1348406],[145.291974,-38.1349564],[145.2920598,-38.1351357],[145.2924165,-38.1350239],[145.2931135,-38.1364009],[145.2937279,-38.136472],[145.2936663,-38.136818],[145.2941814,-38.1368762],[145.2942631,-38.1368367]]]}},{"type":"Feature","properties":{"id":188010495,"name":"Unnamed green space","category":"park"},"geometry":{"type":"Polygon","coordinates":[[[145.3286223,-38.1071052],[145.3285436,-38.107465],[145.3291986,-38.1075436],[145.3292754,-38.1071823],[145.3286223,-38.1071052]]]}},{"type":"Feature","properties":{"id":188010496,"name":"Unnamed green space","category":"park"},"geometry":{"type":"Polygon","coordinates":[[[145.3219037,-38.112686],[145.321888,-38.1127678],[145.3218538,-38.1129065],[145.3217952,-38.1130437],[145.3222552,-38.1131054],[145.3222834,-38.1129642],[145.3222058,-38.1129545],[145.3221736,-38.1129217],[145.3222163,-38.1127264],[145.3219037,-38.112686]]]}},{"type":"Feature","properties":{"id":220460625,"name":"Unnamed green space","category":"park"},"geometry":{"type":"Polygon","coordinates":[[[145.2870856,-38.0929155],[145.286969,-38.0934922],[145.287002,-38.0935292],[145.2878881,-38.0936361],[145.2880447,-38.0936265],[145.2881213,-38.0936005],[145.2881875,-38.0935443],[145.288231,-38.0933552],[145.2882658,-38.0930867],[145.2882693,-38.0930182],[145.2882171,-38.0929895],[145.2881109,-38.0929867],[145.2879768,-38.0929922],[145.2878237,-38.0929908],[145.2877297,-38.0930114],[145.2876357,-38.0930032],[145.2875051,-38.0929456],[145.2873415,-38.0929059],[145.287157,-38.092884],[145.2870856,-38.0929155]]]}},{"type":"Feature","properties":{"id":231042884,"name":"Unnamed green space","category":"park"},"geometry":{"type":"Polygon","coordinates":[[[145.315288,-38.0985217],[145.3151616,-38.0985262],[145.3150754,-38.0985653],[145.3150289,-38.0986096],[145.314997,-38.0986781],[145.3149632,-38.0988566],[145.3149276,-38.0990059],[145.3148663,-38.0997108],[145.3148119,-38.1000684],[145.3148745,-38.1003447],[145.3149126,-38.1004047],[145.314982,-38.1003998],[145.3150351,-38.1003961],[145.3152501,-38.1003105],[145.3153807,-38.1001969],[145.3154232,-38.1001102],[145.3155078,-38.0996417],[145.3155365,-38.099439],[145.3155653,-38.0993811],[145.3155908,-38.0993188],[145.3155841,-38.099221],[145.3156056,-38.0991102],[145.3156398,-38.0990093],[145.3156957,-38.0986772],[145.3156967,-38.0986254],[145.3156766,-38.0985885],[145.3156347,-38.0985681],[145.315288,-38.0985217]]]}},{"type":"Feature","properties":{"id":231042885,"name":"Unnamed green space","category":"park"},"geometry":{"type":"Polygon","coordinates":[[[145.3200431,-38.0982911],[145.3199631,-38.0987534],[145.3199442,-38.0988565],[145.3199254,-38.0989639],[145.3199717,-38.0989825],[145.3200675,-38.0989876],[145.320372,-38.0990235],[145.3206416,-38.0990597],[145.3208047,-38.0990752],[145.3208263,-38.099081],[145.3209733,-38.0983528],[145.3201241,-38.09825],[145.3200431,-38.0982911]]]}},{"type":"Feature","properties":{"id":236502600,"name":"Unnamed green space","category":"park"},"geometry":{"type":"Polygon","coordinates":[[[145.3143708,-38.1174154],[145.314312,-38.1176783],[145.3143547,-38.1177835],[145.3142986,-38.118101],[145.314328,-38.1181557],[145.3144269,-38.1181915],[145.3150605,-38.1182735],[145.3151621,-38.1182398],[145.3152289,-38.1178886],[145.3152423,-38.1176362],[145.3151358,-38.1176183],[145.3151213,-38.1175538],[145.315056,-38.1175009],[145.3143708,-38.1174154]]]}},{"type":"Feature","properties":{"id":274464569,"name":"Heathland Park","category":"park"},"geometry":{"type":"Polygon","coordinates":[[[145.2908131,-38.1257056],[145.290403,-38.12472],[145.2904861,-38.124568],[145.2911782,-38.1243971],[145.2912568,-38.1242954],[145.291237,-38.1240565],[145.2909811,-38.1233474],[145.2910575,-38.1233252],[145.2908431,-38.1228889],[145.2907156,-38.1228729],[145.2907215,-38.1228273],[145.2907312,-38.1227369],[145.2907346,-38.1227057],[145.2907634,-38.1226894],[145.2907634,-38.1226757],[145.2907567,-38.1226556],[145.2907439,-38.1226361],[145.2907218,-38.122625],[145.2906615,-38.1226066],[145.2906253,-38.1225754],[145.2905991,-38.1225317],[145.290589,-38.1224836],[145.2905522,-38.1224625],[145.2905314,-38.1224726],[145.2902652,-38.1224535],[145.2902147,-38.1223509],[145.290126,-38.1220998],[145.2895741,-38.1220626],[145.289318,-38.1201255],[145.2891112,-38.1200965],[145.2891,-38.1204016],[145.2888963,-38.1211403],[145.288815,-38.121928],[145.2890098,-38.1224511],[145.2899071,-38.1246827],[145.2901698,-38.1253401],[145.2902915,-38.1256362],[145.2904176,-38.125653],[145.2908131,-38.1257056]]]}},{"type":"Feature","properties":{"id":302172525,"name":"Courtenay Avenue Reserve","category":"reserve"},"geometry":{"type":"Polygon","coordinates":[[[145.2792068,-38.0803598],[145.2800082,-38.0804574],[145.2803662,-38.0785605],[145.2796375,-38.0784749],[145.2796235,-38.0785584],[145.2795717,-38.0785521],[145.2792068,-38.0803598]]]}},{"type":"Feature","properties":{"id":302172914,"name":"Jessie Street Reserve","category":"reserve"},"geometry":{"type":"Polygon","coordinates":[[[145.2937531,-38.0805635],[145.2936521,-38.080958],[145.2936268,-38.0810705],[145.2935246,-38.081607],[145.2935555,-38.081639],[145.2945523,-38.0817552],[145.2945549,-38.0817457],[145.2946719,-38.0811273],[145.2944527,-38.0810962],[145.2945411,-38.0806874],[145.2937531,-38.0805635]]]}},{"type":"Feature","properties":{"id":305672547,"name":"Casey Traffic School Park","category":"park"},"geometry":{"type":"Polygon","coordinates":[[[145.2971961,-38.1130498],[145.2982576,-38.1131805],[145.298366,-38.113111],[145.2983898,-38.1129978],[145.2984271,-38.1128172],[145.2975105,-38.1127021],[145.2973694,-38.1126532],[145.2973354,-38.1126476],[145.2972845,-38.1126417],[145.2971961,-38.1130498]]]}},{"type":"Feature","properties":{"id":309847625,"name":"Hilltop Nature Reserve","category":"reserve"},"geometry":{"type":"Polygon","coordinates":[[[145.299651,-38.0835863],[145.299956,-38.083429],[145.3003193,-38.0833143],[145.3007146,-38.0832885],[145.3011311,-38.0833282],[145.3015504,-38.0834794],[145.302344,-38.0837355],[145.3029097,-38.0838547],[145.3033637,-38.0838885],[145.3038584,-38.0839033],[145.3043414,-38.0837851],[145.3047457,-38.0835559],[145.3050435,-38.0832589],[145.3054788,-38.0809301],[145.3053781,-38.0808684],[145.3052796,-38.0808154],[145.3051984,-38.0807777],[145.3051204,-38.0807459],[145.3050348,-38.080714],[145.3049205,-38.0806797],[145.3048399,-38.0806589],[145.3047396,-38.0806389],[145.3046224,-38.0806193],[145.3045422,-38.0806099],[145.3044455,-38.0806049],[145.3043081,-38.0806008],[145.3041956,-38.0806065],[145.3040875,-38.0806149],[145.3039579,-38.0806334],[145.3038208,-38.0806621],[145.3036935,-38.0806961],[145.3035979,-38.0807289],[145.3034978,-38.0807678],[145.3034048,-38.080811],[145.3033151,-38.0808568],[145.3032169,-38.0809159],[145.3031265,-38.0809767],[145.3030321,-38.0810357],[145.3029312,-38.081093],[145.3028234,-38.0811446],[145.3027046,-38.0811952],[145.30253,-38.082064],[145.3025222,-38.0820953],[145.3025122,-38.0821249],[145.3025012,-38.0821536],[145.3024847,-38.0821823],[145.3024632,-38.0822167],[145.3024341,-38.0822512],[145.3023989,-38.0822863],[145.3023572,-38.0823189],[145.302322,-38.0823409],[145.3022823,-38.0823629],[145.3022273,-38.0823871],[145.3014258,-38.0826769],[145.3013996,-38.082684],[145.301369,-38.0826893],[145.3013319,-38.0826929],[145.3012983,-38.0826934],[145.3012592,-38.0826913],[145.3012234,-38.0826857],[145.3011886,-38.0826775],[145.3010955,-38.0826481],[145.3009936,-38.0826204],[145.3008629,-38.0825892],[145.3007256,-38.0825615],[145.3006356,-38.082547],[145.3005346,-38.0825342],[145.3004407,-38.0825231],[145.3003436,-38.0825164],[145.3002498,-38.0825115],[145.3001484,-38.0825089],[145.3000517,-38.0825096],[145.2999531,-38.0825119],[145.2998254,-38.0825211],[145.2996919,-38.0825333],[145.2995384,-38.0825572],[145.2998369,-38.0825954],[145.299651,-38.0835863]]]}},{"type":"Feature","properties":{"id":438251789,"name":"Carlisle Park","category":"park"},"geometry":{"type":"Polygon","coordinates":[[[145.2934085,-38.0857592],[145.2932276,-38.0865202],[145.2936688,-38.0875119],[145.2945709,-38.0875679],[145.2945502,-38.087492],[145.2947305,-38.0867142],[145.2949195,-38.0859578],[145.2948964,-38.0859496],[145.2934085,-38.0857592]]]}},{"type":"Feature","properties":{"id":447600462,"name":"Pasadena Park","category":"park"},"geometry":{"type":"Polygon","coordinates":[[[145.3235272,-38.120134],[145.3234232,-38.120145],[145.3233428,-38.1201787],[145.3232542,-38.1202272],[145.3231496,-38.1206936],[145.3231845,-38.1207337],[145.324067,-38.1208307],[145.3241072,-38.120816],[145.3242225,-38.1202294],[145.3241823,-38.1202019],[145.3235272,-38.120134]]]}},{"type":"Feature","properties":{"id":460259742,"name":"Unnamed green space","category":"park"},"geometry":{"type":"Polygon","coordinates":[[[145.321603,-38.1282526],[145.3215794,-38.1282563],[145.3215406,-38.1282567],[145.3214912,-38.1282699],[145.3213885,-38.1283039],[145.3212655,-38.1283579],[145.3211802,-38.1284041],[145.3211032,-38.1284499],[145.3210012,-38.1285149],[145.320985,-38.1285282],[145.3208822,-38.1286127],[145.3208015,-38.1286899],[145.3207171,-38.1287918],[145.3206328,-38.1289066],[145.3205608,-38.1290492],[145.3205211,-38.1291483],[145.3204983,-38.1292177],[145.3204776,-38.129313],[145.3204416,-38.1294791],[145.3204723,-38.129764],[145.3204818,-38.1297759],[145.3205408,-38.1298223],[145.3210389,-38.1298128],[145.3211631,-38.1298097],[145.321324,-38.1296873],[145.3213562,-38.1295565],[145.321442,-38.1293413],[145.3215342,-38.1291332],[145.32156,-38.129105],[145.3215702,-38.1290308],[145.3215866,-38.1289775],[145.3216064,-38.1288893],[145.3216195,-38.1288388],[145.3216387,-38.1286939],[145.3216459,-38.1286492],[145.3216381,-38.1285785],[145.3216275,-38.1284802],[145.321603,-38.1282526]]]}},{"type":"Feature","properties":{"id":460260855,"name":"Unnamed green space","category":"park"},"geometry":{"type":"Polygon","coordinates":[[[145.3384754,-38.1176884],[145.338344,-38.118293],[145.3383735,-38.118331],[145.3389888,-38.1184023],[145.3390333,-38.1184048],[145.3390762,-38.1183732],[145.3391824,-38.1177642],[145.3391266,-38.1177223],[145.338529,-38.1176462],[145.3384754,-38.1176884]]]}},{"type":"Feature","properties":{"id":462900945,"name":"Unnamed green space","category":"park"},"geometry":{"type":"Polygon","coordinates":[[[145.3295859,-38.1143836],[145.331973,-38.1147012],[145.3320428,-38.1146949],[145.3321072,-38.1143255],[145.332083,-38.114296],[145.3314312,-38.1142116],[145.3313293,-38.114201],[145.3296476,-38.1142032],[145.3295698,-38.1142601],[145.329543,-38.1143414],[145.3295859,-38.1143836]]]}},{"type":"Feature","properties":{"id":462900946,"name":"Fitzwilliam Reserve","category":"reserve"},"geometry":{"type":"Polygon","coordinates":[[[145.3323056,-38.1143625],[145.3321477,-38.1150803],[145.332134,-38.1152066],[145.3321608,-38.1152446],[145.3326233,-38.1153119],[145.3337326,-38.1154472],[145.3337916,-38.1154303],[145.333974,-38.1145904],[145.3339472,-38.1145482],[145.3339181,-38.1145441],[145.33304,-38.1144194],[145.3323647,-38.1143245],[145.3323056,-38.1143625]]]}},{"type":"Feature","properties":{"id":473948735,"name":"Livingstone Park","category":"park"},"geometry":{"type":"Polygon","coordinates":[[[145.3005636,-38.1170331],[145.3005404,-38.1170485],[145.3005242,-38.117065],[145.3005178,-38.1170816],[145.3005095,-38.1171087],[145.3004674,-38.1173223],[145.3004202,-38.1175465],[145.3010434,-38.1175722],[145.3011197,-38.1171813],[145.3011228,-38.1171547],[145.3011217,-38.117137],[145.3011118,-38.117117],[145.3010891,-38.1170968],[145.3010712,-38.1170886],[145.3010448,-38.1170825],[145.300901,-38.1170648],[145.3006405,-38.1170284],[145.3006048,-38.1170251],[145.3005838,-38.1170265],[145.3005636,-38.1170331]]]}},{"type":"Feature","properties":{"id":474074142,"name":"Dinosaur Park","category":"park"},"geometry":{"type":"Polygon","coordinates":[[[145.2953905,-38.1166883],[145.295302,-38.1168001],[145.2952323,-38.1169141],[145.295192,-38.1170112],[145.2951813,-38.1171209],[145.2952001,-38.1172053],[145.2952323,-38.117315],[145.2952282,-38.1173608],[145.2952511,-38.1174501],[145.2954308,-38.1174712],[145.2959125,-38.1176997],[145.2959377,-38.1177117],[145.2960474,-38.1171886],[145.2961576,-38.116663],[145.2961333,-38.1166484],[145.2960933,-38.1166165],[145.2955917,-38.1166735],[145.295522,-38.1166735],[145.2954388,-38.1166587],[145.2953905,-38.1166883]]]}},{"type":"Feature","properties":{"id":474077444,"name":"Cascades on Clyde Wetlands","category":"park"},"geometry":{"type":"Polygon","coordinates":[[[145.3227437,-38.0997432],[145.3227947,-38.0997897],[145.3235036,-38.0998773],[145.3236283,-38.1000045],[145.3234754,-38.1007791],[145.3234238,-38.1010488],[145.3234064,-38.1011728],[145.3234111,-38.1013538],[145.323409,-38.1015026],[145.323399,-38.1016208],[145.3233521,-38.1018783],[145.3227667,-38.101807],[145.3226017,-38.1018123],[145.3225655,-38.1018434],[145.3225621,-38.1019231],[145.3224694,-38.1024095],[145.3225744,-38.1024218],[145.3225543,-38.1025601],[145.3230481,-38.1026553],[145.3231611,-38.1026896],[145.3233129,-38.102731],[145.3240137,-38.1029488],[145.3244254,-38.1030385],[145.3256874,-38.1031852],[145.3260361,-38.103219],[145.3264009,-38.103219],[145.3267777,-38.1031937],[145.3271693,-38.1031293],[145.327864,-38.1029203],[145.3281524,-38.1028422],[145.3285601,-38.1027663],[145.329071,-38.1027272],[145.3292736,-38.102728],[145.3294846,-38.102736],[145.3295713,-38.1027378],[145.3299213,-38.1027536],[145.3300929,-38.1027399],[145.3301426,-38.1027145],[145.3303276,-38.1023272],[145.3303545,-38.1021848],[145.3298998,-38.1021331],[145.3299374,-38.1019484],[145.3282194,-38.1017637],[145.3279418,-38.1017246],[145.3276803,-38.1016117],[145.3275033,-38.1014777],[145.3273799,-38.1012455],[145.3271439,-38.1006271],[145.3268917,-38.100664],[145.3266316,-38.1006524],[145.3264156,-38.1006086],[145.3262359,-38.1005516],[145.3260857,-38.1004862],[145.3259167,-38.100387],[145.3257451,-38.1002519],[145.3255359,-38.1000429],[145.325265,-38.0998298],[145.3250343,-38.0996968],[145.3246937,-38.0995364],[145.3245274,-38.0994794],[145.3243477,-38.0994308],[145.3240741,-38.0993717],[145.3237415,-38.0993337],[145.3235376,-38.0993253],[145.3231916,-38.0993443],[145.3231085,-38.0993612],[145.3230334,-38.0993675],[145.3229127,-38.099414],[145.3228134,-38.0994815],[145.3227732,-38.099587],[145.3227437,-38.0997432]]]}},{"type":"Feature","properties":{"id":474104094,"name":"Berwick Waters Wetlands Park","category":"park"},"geometry":{"type":"Polygon","coordinates":[[[145.3424559,-38.0769097],[145.3420619,-38.0771416],[145.3412521,-38.0762811],[145.3413145,-38.0759589],[145.3413349,-38.0758518],[145.3413217,-38.0758505],[145.341344,-38.0757454],[145.3413808,-38.0755571],[145.3427005,-38.0757193],[145.3426448,-38.0760071],[145.3426162,-38.0760915],[145.3429978,-38.0761384],[145.3430503,-38.0758811],[145.3429227,-38.0756375],[145.3427174,-38.0756123],[145.3406602,-38.0753594],[145.3384829,-38.0750911],[145.3384715,-38.0751017],[145.3380894,-38.0754039],[145.338308,-38.0756448],[145.3384088,-38.0757652],[145.3383994,-38.0758201],[145.3409222,-38.0785094],[145.343049,-38.0807765],[145.3429284,-38.0814556],[145.341705,-38.082174],[145.3416724,-38.0822159],[145.3415841,-38.0827007],[145.3416166,-38.0827321],[145.3435577,-38.0829471],[145.3446488,-38.0830869],[145.3446816,-38.0829062],[145.3448413,-38.0822189],[145.3449512,-38.0816379],[145.3450539,-38.08109],[145.3451468,-38.0805929],[145.3451734,-38.080453],[145.3451745,-38.0804316],[145.3451635,-38.0804088],[145.3451393,-38.0803804],[145.3450105,-38.0802452],[145.3448858,-38.0801133],[145.3447091,-38.0799256],[145.3445056,-38.0797083],[145.3443182,-38.0795081],[145.3441353,-38.0793117],[145.3439906,-38.0791595],[145.3438621,-38.0790212],[145.3437589,-38.0789115],[145.3436651,-38.0788136],[145.343584,-38.078726],[145.3434995,-38.0786371],[145.3433351,-38.078461],[145.3432038,-38.0783181],[145.3430708,-38.078177],[145.3430401,-38.0781406],[145.3430237,-38.078114],[145.34302,-38.078089],[145.3430225,-38.0780641],[145.3430344,-38.0780366],[145.3430584,-38.0780112],[145.3430914,-38.0779863],[145.3434914,-38.0777569],[145.3435402,-38.0777247],[145.3435687,-38.0777008],[145.343593,-38.0776711],[145.3436082,-38.0776479],[145.3436125,-38.077623],[145.3436058,-38.0775977],[145.3435879,-38.0775651],[145.343545,-38.0775111],[145.343414,-38.0773727],[145.343254,-38.0772018],[145.3431677,-38.0771134],[145.3430964,-38.0770224],[145.3430482,-38.0769397],[145.343019,-38.0768719],[145.3429999,-38.0768124],[145.3429895,-38.0767891],[145.3429686,-38.0767716],[145.3429447,-38.0767623],[145.3428972,-38.0767591],[145.3428448,-38.0767596],[145.3423883,-38.0767083],[145.3423451,-38.0767996],[145.3424559,-38.0769097]]]}},{"type":"Feature","properties":{"id":543077220,"name":"Unnamed green space","category":"park"},"geometry":{"type":"Polygon","coordinates":[[[145.3288988,-38.1093548],[145.3285869,-38.1100858],[145.3285919,-38.1101184],[145.3285806,-38.1101748],[145.3285079,-38.1102931],[145.3284144,-38.1104237],[145.3283564,-38.1104909],[145.3282782,-38.1105334],[145.3281107,-38.11058],[145.3279826,-38.1105973],[145.3277184,-38.1106084],[145.3272633,-38.1105514],[145.327178,-38.1105336],[145.3271407,-38.1105283],[145.3270928,-38.110598],[145.3271127,-38.1106007],[145.3271339,-38.1106069],[145.3271519,-38.1106155],[145.3272155,-38.1106485],[145.3272666,-38.1106655],[145.3273798,-38.1106913],[145.3276574,-38.1107077],[145.3277964,-38.1107274],[145.3278753,-38.1107319],[145.3279767,-38.1107197],[145.3281265,-38.1106926],[145.3283376,-38.1106321],[145.3284685,-38.1104732],[145.3286049,-38.1102775],[145.3286676,-38.1101677],[145.3287656,-38.1099863],[145.3288368,-38.109836],[145.3290061,-38.1093656],[145.3290448,-38.1092051],[145.3290697,-38.1091105],[145.3290794,-38.1090879],[145.3290973,-38.1090761],[145.329116,-38.1090726],[145.3292751,-38.1082938],[145.3295134,-38.1070791],[145.3293528,-38.107055],[145.3293244,-38.1071595],[145.32934,-38.1071883],[145.3293389,-38.1072242],[145.3293243,-38.1072781],[145.3293024,-38.107381],[145.3292897,-38.1075181],[145.3292736,-38.1075959],[145.3291705,-38.108128],[145.3290766,-38.1086013],[145.3290458,-38.1086583],[145.3289926,-38.1087148],[145.3290192,-38.1087355],[145.3290336,-38.1087583],[145.3290358,-38.1088107],[145.3289987,-38.1089859],[145.3289682,-38.1091379],[145.328943,-38.1092809],[145.3289226,-38.1093267],[145.3288988,-38.1093548]]]}},{"type":"Feature","properties":{"id":569329755,"name":"Unnamed green space","category":"park"},"geometry":{"type":"Polygon","coordinates":[[[145.3270905,-38.0843306],[145.3271083,-38.084348],[145.3272765,-38.0842282],[145.327175,-38.0841445],[145.3286198,-38.0829997],[145.3287933,-38.0828698],[145.3294508,-38.0823195],[145.3298993,-38.0819746],[145.3315961,-38.0806139],[145.3323854,-38.0799824],[145.3341278,-38.0785838],[145.3342912,-38.078727],[145.3342812,-38.0787939],[145.3343645,-38.0788085],[145.3345317,-38.07827],[145.3344538,-38.0781814],[145.3340681,-38.0783144],[145.3340198,-38.0783302],[145.332845,-38.0792551],[145.3327978,-38.0792328],[145.3325922,-38.0792812],[145.3324463,-38.0792872],[145.332408,-38.0795335],[145.3323787,-38.0795829],[145.3322853,-38.0796951],[145.3313517,-38.0804216],[145.3301525,-38.0813844],[145.3292785,-38.0820379],[145.3287308,-38.0825081],[145.3287027,-38.082525],[145.32861,-38.082515],[145.3285967,-38.0825301],[145.3286043,-38.0825393],[145.3285447,-38.0826485],[145.3284064,-38.0826315],[145.3284016,-38.0826149],[145.3283875,-38.082598],[145.3283673,-38.0825825],[145.3283397,-38.0825752],[145.327461,-38.0824711],[145.3274523,-38.082476],[145.3271223,-38.084156],[145.3270905,-38.0843306]]]}},{"type":"Feature","properties":{"id":570231104,"name":"Unnamed green space","category":"park"},"geometry":{"type":"Polygon","coordinates":[[[145.3089567,-38.1044609],[145.3088253,-38.1046741],[145.3087287,-38.104959],[145.3086912,-38.1051025],[145.3086858,-38.1053474],[145.3087126,-38.105683],[145.3086858,-38.1058708],[145.3086643,-38.1060671],[145.3086134,-38.106276],[145.3085705,-38.1065398],[145.3086268,-38.1067741],[145.3086992,-38.1068712],[145.3087877,-38.1069071],[145.3088709,-38.1069092],[145.3089433,-38.1068754],[145.3089996,-38.1067699],[145.3090318,-38.1065905],[145.309064,-38.1062612],[145.309064,-38.106046],[145.3089835,-38.1057779],[145.3089352,-38.1055014],[145.3089191,-38.1052967],[145.3089674,-38.1050434],[145.3090452,-38.104805],[145.309182,-38.1045559],[145.309182,-38.1045221],[145.3090532,-38.104425],[145.3089567,-38.1044609]]]}},{"type":"Feature","properties":{"id":582439656,"name":"Unnamed green space","category":"park"},"geometry":{"type":"Polygon","coordinates":[[[145.3081482,-38.0993879],[145.3083324,-38.0994138],[145.3095493,-38.0983705],[145.310399,-38.0976923],[145.3103923,-38.0976763],[145.3102412,-38.0976563],[145.3102316,-38.0976644],[145.3098191,-38.0976094],[145.3088742,-38.0983642],[145.3077455,-38.0993345],[145.3081482,-38.0993879]]]}},{"type":"Feature","properties":{"id":585956874,"name":"Unnamed green space","category":"park"},"geometry":{"type":"Polygon","coordinates":[[[145.3398138,-38.0792735],[145.3407432,-38.0802563],[145.3408934,-38.0802542],[145.3422962,-38.081712],[145.3425159,-38.0815765],[145.3425304,-38.0815406],[145.3402846,-38.0791437],[145.3401022,-38.0792218],[145.3399131,-38.0792197],[145.3398138,-38.0792735]]]}},{"type":"Feature","properties":{"id":662237513,"name":"Berwick Waters Grand Prix Park","category":"park"},"geometry":{"type":"Polygon","coordinates":[[[145.3712662,-38.0820421],[145.3712446,-38.0820743],[145.3710166,-38.0832061],[145.3721847,-38.0833526],[145.3722955,-38.0827967],[145.3723978,-38.0822912],[145.3724027,-38.0822603],[145.3724016,-38.0822421],[145.3723832,-38.0822129],[145.3723221,-38.0821825],[145.3722477,-38.082164],[145.3721619,-38.0821561],[145.3712662,-38.0820421]]]}},{"type":"Feature","properties":{"id":671014544,"name":"Unnamed green space","category":"park"},"geometry":{"type":"Polygon","coordinates":[[[145.2977015,-38.0963241],[145.2977445,-38.0963684],[145.297975,-38.0964044],[145.298287,-38.0964462],[145.2988468,-38.0965162],[145.2989354,-38.0964824],[145.299276,-38.0948339],[145.2991902,-38.0947389],[145.29904,-38.0947009],[145.2980621,-38.0945723],[145.2979924,-38.0949264],[145.2978705,-38.0955494],[145.2977834,-38.0959492],[145.2977015,-38.0963241]]]}},{"type":"Feature","properties":{"id":671911036,"name":"Homestead Park","category":"park"},"geometry":{"type":"Polygon","coordinates":[[[145.2876504,-38.1469467],[145.2864952,-38.1467885],[145.2859583,-38.147573],[145.2870052,-38.148019],[145.28769,-38.1470073],[145.2876504,-38.1469467]]]}},{"type":"Feature","properties":{"id":671951516,"name":"Unnamed green space","category":"park"},"geometry":{"type":"Polygon","coordinates":[[[145.3673734,-38.0977664],[145.3673348,-38.0977648],[145.3672982,-38.0977824],[145.3672718,-38.0978096],[145.3671559,-38.0984063],[145.3671592,-38.0984327],[145.3671579,-38.0984543],[145.3671843,-38.0984777],[145.3672392,-38.0984991],[145.3680645,-38.0986047],[145.3681011,-38.0985903],[145.3681296,-38.0985695],[145.3681342,-38.0985481],[145.3681458,-38.0985151],[145.3682272,-38.0980656],[145.3682292,-38.0980304],[145.368219,-38.0980032],[145.3681784,-38.0979776],[145.3677007,-38.097856],[145.3673734,-38.0977664]]]}},{"type":"Feature","properties":{"id":671951554,"name":"Unnamed green space","category":"park"},"geometry":{"type":"Polygon","coordinates":[[[145.3737043,-38.0974101],[145.3736287,-38.09744],[145.3733828,-38.0983427],[145.3734164,-38.0983778],[145.3749304,-38.0985587],[145.3749946,-38.0985311],[145.375149,-38.0976991],[145.3751172,-38.0976551],[145.3737043,-38.0974101]]]}},{"type":"Feature","properties":{"id":671986406,"name":"Pump House Crescent Reserve Playground","category":"reserve"},"geometry":{"type":"Polygon","coordinates":[[[145.3349463,-38.1226514],[145.3349587,-38.1225896],[145.3350711,-38.1220471],[145.3350715,-38.1220102],[145.335066,-38.1219732],[145.3350466,-38.1219287],[145.3350216,-38.1218929],[145.3349276,-38.1218046],[145.3348852,-38.1217663],[145.3348408,-38.1217381],[145.3347883,-38.1217216],[145.3346907,-38.1217041],[145.3345885,-38.1216902],[145.3341339,-38.1216334],[145.3340274,-38.1216173],[145.3338719,-38.1223577],[145.3338389,-38.1225137],[145.3343752,-38.1225833],[145.3347232,-38.1226248],[145.3349463,-38.1226514]]]}},{"type":"Feature","properties":{"id":688391371,"name":"Unnamed green space","category":"park"},"geometry":{"type":"Polygon","coordinates":[[[145.372847,-38.0853683],[145.3728243,-38.0853749],[145.372804,-38.0853852],[145.3727949,-38.0853965],[145.372788,-38.0854105],[145.3727826,-38.085438],[145.3727854,-38.0854535],[145.3727906,-38.0854697],[145.372801,-38.0854782],[145.3728175,-38.0854844],[145.3728378,-38.0854857],[145.3728539,-38.085482],[145.3728711,-38.0854718],[145.3728899,-38.0854485],[145.3728979,-38.0854232],[145.3728981,-38.0854082],[145.3728952,-38.0853937],[145.372882,-38.085377],[145.3728664,-38.0853703],[145.372847,-38.0853683]]]}},{"type":"Feature","properties":{"id":689460487,"name":"Unnamed green space","category":"park"},"geometry":{"type":"Polygon","coordinates":[[[145.3231897,-38.0805379],[145.32312,-38.0809707],[145.3245603,-38.0811312],[145.3246381,-38.0807047],[145.3231897,-38.0805379]]]}},{"type":"Feature","properties":{"id":694435734,"name":"Unnamed green space","category":"park"},"geometry":{"type":"Polygon","coordinates":[[[145.3359319,-38.1094117],[145.3352549,-38.1093396],[145.3351862,-38.1093876],[145.3350666,-38.1099604],[145.3351022,-38.1099744],[145.3358072,-38.1100585],[145.3359319,-38.1094117]]]}},{"type":"Feature","properties":{"id":694435735,"name":"Unnamed green space","category":"park"},"geometry":{"type":"Polygon","coordinates":[[[145.335825,-38.1105471],[145.3364944,-38.1106313],[145.336586,-38.1101867],[145.3359167,-38.1101006],[145.335825,-38.1105471]]]}},{"type":"Feature","properties":{"id":694435736,"name":"Unnamed green space","category":"park"},"geometry":{"type":"Polygon","coordinates":[[[145.3327698,-38.107492],[145.3346748,-38.1077211],[145.3347641,-38.1071269],[145.3328793,-38.1069002],[145.3327698,-38.107492]]]}},{"type":"Feature","properties":{"id":721585920,"name":"Pygora Way Park","category":"park"},"geometry":{"type":"Polygon","coordinates":[[[145.3306826,-38.10317],[145.3312898,-38.1032989],[145.3319892,-38.1034474],[145.3326986,-38.1035996],[145.3326393,-38.1039619],[145.3348447,-38.1042179],[145.3350868,-38.1042194],[145.3351668,-38.1036954],[145.3343696,-38.1036089],[145.3344364,-38.1032105],[145.3343387,-38.10309],[145.3334475,-38.103001],[145.3334206,-38.1031615],[145.333316,-38.1032121],[145.3332141,-38.1031889],[145.3331578,-38.1031108],[145.3330961,-38.1030601],[145.3325167,-38.1029926],[145.3307773,-38.1026207],[145.3306826,-38.10317]]]}},{"type":"Feature","properties":{"id":721585924,"name":"Unnamed green space","category":"park"},"geometry":{"type":"Polygon","coordinates":[[[145.335023,-38.1045568],[145.3349269,-38.10499],[145.3352725,-38.1050543],[145.3355474,-38.1051554],[145.3358394,-38.1052908],[145.3361918,-38.105535],[145.3365182,-38.1058182],[145.3368171,-38.1059794],[145.3373764,-38.1061992],[145.3372713,-38.1067549],[145.339375,-38.1069922],[145.3394342,-38.1064709],[145.3394681,-38.1057091],[145.3393311,-38.1056929],[145.3382054,-38.1055635],[145.3383252,-38.1049279],[145.3371512,-38.1047957],[145.3363197,-38.1047051],[145.3357245,-38.1046375],[145.3354203,-38.1046025],[145.335023,-38.1045568]]]}},{"type":"Feature","properties":{"id":739164921,"name":"Rothschild Reserve","category":"reserve"},"geometry":{"type":"Polygon","coordinates":[[[145.3385711,-38.1217004],[145.3384439,-38.1223432],[145.3391645,-38.1224319],[145.3391799,-38.1224114],[145.3392837,-38.1219012],[145.3392894,-38.1217904],[145.3385711,-38.1217004]]]}},{"type":"Feature","properties":{"id":753482534,"name":"Hill Farm Park","category":"park"},"geometry":{"type":"Polygon","coordinates":[[[145.3243965,-38.1229216],[145.3242785,-38.1235166],[145.3242932,-38.1235746],[145.3243268,-38.1236147],[145.324953,-38.1241222],[145.3250322,-38.1241454],[145.325747,-38.1242198],[145.3257828,-38.1240824],[145.3259333,-38.1235386],[145.3257943,-38.1235202],[145.3252759,-38.1234517],[145.3253701,-38.1230408],[145.3253353,-38.1230155],[145.3244367,-38.1229015],[145.3243965,-38.1229216]]]}},{"type":"Feature","properties":{"id":753618465,"name":"Unnamed green space","category":"park"},"geometry":{"type":"Polygon","coordinates":[[[145.3029783,-38.1176826],[145.3028649,-38.1182469],[145.3037842,-38.1183691],[145.3041405,-38.1184374],[145.3043856,-38.1184932],[145.304607,-38.1185232],[145.3046427,-38.1184697],[145.3046513,-38.1184568],[145.3047641,-38.1179072],[145.304757,-38.1179002],[145.3047299,-38.1178737],[145.3045074,-38.1178443],[145.304438,-38.11784],[145.3041632,-38.1178307],[145.3029783,-38.1176826]]]}},{"type":"Feature","properties":{"id":793656748,"name":"Damon Green","category":"park"},"geometry":{"type":"Polygon","coordinates":[[[145.2854368,-38.1446187],[145.2863703,-38.1447301],[145.2865521,-38.1437512],[145.2858096,-38.1436858],[145.2856709,-38.1444466],[145.2855723,-38.1444345],[145.2854553,-38.1444563],[145.2854368,-38.1446187]]]}},{"type":"Feature","properties":{"id":793656749,"name":"Unnamed green space","category":"park"},"geometry":{"type":"Polygon","coordinates":[[[145.2910855,-38.1451318],[145.2910632,-38.1473487],[145.2911171,-38.1476585],[145.2922034,-38.1475847],[145.292666,-38.1453765],[145.2917941,-38.1452045],[145.2910855,-38.1451318]]]}},{"type":"Feature","properties":{"id":793694971,"name":"Houlder Avenue Reserve","category":"reserve"},"geometry":{"type":"Polygon","coordinates":[[[145.2937444,-38.1328508],[145.2931873,-38.1323849],[145.2927299,-38.1327201],[145.2927338,-38.1327739],[145.2936936,-38.1328969],[145.2937444,-38.1328508]]]}},{"type":"Feature","properties":{"id":793694972,"name":"Spring Road Park","category":"park"},"geometry":{"type":"Polygon","coordinates":[[[145.289077,-38.1301618],[145.2888728,-38.1303291],[145.2891162,-38.1305339],[145.2893731,-38.1303438],[145.2890991,-38.1301404],[145.289077,-38.1301618]]]}},{"type":"Feature","properties":{"id":818924389,"name":"Unnamed green space","category":"park"},"geometry":{"type":"Polygon","coordinates":[[[145.3027344,-38.1265841],[145.3026909,-38.1265875],[145.3026581,-38.1266078],[145.3026398,-38.1266352],[145.3026429,-38.1266639],[145.3026689,-38.1267005],[145.3026811,-38.1267295],[145.3027538,-38.1269631],[145.3028561,-38.1272955],[145.304164,-38.1274505],[145.3041969,-38.1272816],[145.3042855,-38.1268455],[145.3042823,-38.1268187],[145.3042685,-38.1267998],[145.3042429,-38.1267801],[145.3042116,-38.1267696],[145.3027344,-38.1265841]]]}},{"type":"Feature","properties":{"id":830258048,"name":"Unnamed green space","category":"park"},"geometry":{"type":"Polygon","coordinates":[[[145.351316,-38.1229709],[145.3512906,-38.1230966],[145.3520066,-38.1231863],[145.352032,-38.1230606],[145.351316,-38.1229709]]]}},{"type":"Feature","properties":{"id":830258053,"name":"Oak Park","category":"park"},"geometry":{"type":"Polygon","coordinates":[[[145.3314511,-38.1234842],[145.331298,-38.1242229],[145.3312325,-38.1245059],[145.3311406,-38.1247929],[145.3319246,-38.1251847],[145.332907,-38.1238889],[145.3326575,-38.1237136],[145.332127,-38.1235204],[145.331748,-38.1235501],[145.3314511,-38.1234842]]]}},{"type":"Feature","properties":{"id":830258057,"name":"Unnamed green space","category":"park"},"geometry":{"type":"Polygon","coordinates":[[[145.3304136,-38.1167468],[145.3302864,-38.1173855],[145.3302993,-38.1174149],[145.3303277,-38.1174392],[145.3303689,-38.1174511],[145.3315352,-38.117558],[145.3316665,-38.1169019],[145.3304136,-38.1167468]]]}},{"type":"Feature","properties":{"id":830258058,"name":"Unnamed green space","category":"park"},"geometry":{"type":"Polygon","coordinates":[[[145.3345238,-38.1173028],[145.3343745,-38.1180368],[145.3351097,-38.1181293],[145.335259,-38.1173954],[145.3345238,-38.1173028]]]}},{"type":"Feature","properties":{"id":840753293,"name":"Plymouth Boulevard Park","category":"park"},"geometry":{"type":"Polygon","coordinates":[[[145.3326164,-38.0974552],[145.3325988,-38.097557],[145.3325965,-38.09757],[145.3325939,-38.0975849],[145.3325836,-38.0976449],[145.3325742,-38.0976992],[145.3325495,-38.0978422],[145.3326833,-38.097873],[145.3327932,-38.0978954],[145.3330215,-38.0979356],[145.3331314,-38.097955],[145.3335738,-38.0980323],[145.3335857,-38.0980267],[145.3336061,-38.0979027],[145.3336624,-38.0975612],[145.3335281,-38.0975476],[145.3334762,-38.0975423],[145.3329158,-38.0974856],[145.3328793,-38.0974819],[145.3328468,-38.0974786],[145.3326164,-38.0974552]]]}},{"type":"Feature","properties":{"id":840753295,"name":"Unnamed green space","category":"park"},"geometry":{"type":"Polygon","coordinates":[[[145.3355661,-38.0984277],[145.3354384,-38.0985052],[145.3351264,-38.1004171],[145.3351394,-38.1004421],[145.3368639,-38.1006179],[145.3378177,-38.1007149],[145.3381418,-38.0986916],[145.3355661,-38.0984277]]]}},{"type":"Feature","properties":{"id":840753296,"name":"Unnamed green space","category":"park"},"geometry":{"type":"Polygon","coordinates":[[[145.3351394,-38.1004421],[145.3350658,-38.1008931],[145.3351158,-38.1009441],[145.3367834,-38.1011131],[145.3368639,-38.1006179],[145.3351394,-38.1004421]]]}},{"type":"Feature","properties":{"id":840753297,"name":"Unnamed green space","category":"park"},"geometry":{"type":"Polygon","coordinates":[[[145.3623237,-38.0980208],[145.3622884,-38.0980476],[145.3621756,-38.0986289],[145.3630939,-38.0987393],[145.3632126,-38.0981277],[145.3623237,-38.0980208]]]}},{"type":"Feature","properties":{"id":840753315,"name":"Unnamed green space","category":"park"},"geometry":{"type":"Polygon","coordinates":[[[145.3369854,-38.09711],[145.3370125,-38.0969598],[145.3372431,-38.0956825],[145.3333545,-38.0952069],[145.3320098,-38.0950435],[145.3317544,-38.0965287],[145.3318901,-38.0965437],[145.3369854,-38.09711]]]}},{"type":"Feature","properties":{"id":840839178,"name":"Unnamed green space","category":"park"},"geometry":{"type":"Polygon","coordinates":[[[145.3230524,-38.105059],[145.3229528,-38.1054679],[145.3241027,-38.1056374],[145.3241931,-38.1051988],[145.3236884,-38.105137],[145.3230524,-38.105059]]]}},{"type":"Feature","properties":{"id":856174604,"name":"Unnamed green space","category":"park"},"geometry":{"type":"Polygon","coordinates":[[[145.3791818,-38.1026406],[145.3790832,-38.1030527],[145.3788306,-38.1033485],[145.379379,-38.103688],[145.3797795,-38.1032079],[145.379872,-38.1027327],[145.3791818,-38.1026406]]]}},{"type":"Feature","properties":{"id":858445174,"name":"Arleon Crescent Reserve","category":"reserve"},"geometry":{"type":"Polygon","coordinates":[[[145.2877211,-38.0971755],[145.2876001,-38.0973322],[145.2873999,-38.0974369],[145.2872678,-38.0981661],[145.2874438,-38.0981877],[145.2873911,-38.0984777],[145.2874915,-38.0984908],[145.2875524,-38.0982013],[145.2880714,-38.098262],[145.2883579,-38.0979339],[145.2882509,-38.0978572],[145.2878694,-38.0976344],[145.2880948,-38.097397],[145.2877211,-38.0971755]]]}},{"type":"Feature","properties":{"id":858445177,"name":"Unnamed green space","category":"park"},"geometry":{"type":"Polygon","coordinates":[[[145.2895231,-38.1003021],[145.2894698,-38.1005721],[145.2898458,-38.1006181],[145.2899515,-38.1005509],[145.2899894,-38.1003591],[145.2895231,-38.1003021]]]}},{"type":"Feature","properties":{"id":858448315,"name":"Unnamed green space","category":"park"},"geometry":{"type":"Polygon","coordinates":[[[145.2859314,-38.1020236],[145.2859497,-38.1021036],[145.2871286,-38.1028106],[145.2872059,-38.1028266],[145.287338,-38.1021979],[145.2859314,-38.1020236]]]}},{"type":"Feature","properties":{"id":860901877,"name":"Unnamed green space","category":"park"},"geometry":{"type":"Polygon","coordinates":[[[145.3507527,-38.096299],[145.3505921,-38.0963615],[145.3504418,-38.0972914],[145.3512262,-38.0973879],[145.3513928,-38.0965439],[145.3513907,-38.0965074],[145.3513814,-38.0964702],[145.3513634,-38.0964371],[145.3513406,-38.0964058],[145.3513081,-38.0963833],[145.3512733,-38.0963633],[145.3512321,-38.0963496],[145.3511893,-38.0963409],[145.3507527,-38.096299]]]}},{"type":"Feature","properties":{"id":860910980,"name":"Unnamed green space","category":"park"},"geometry":{"type":"Polygon","coordinates":[[[145.3571499,-38.0805442],[145.3570881,-38.0808405],[145.3572297,-38.0808584],[145.3572922,-38.0805607],[145.3571499,-38.0805442]]]}},{"type":"Feature","properties":{"id":860910997,"name":"Unnamed green space","category":"park"},"geometry":{"type":"Polygon","coordinates":[[[145.3575867,-38.0837651],[145.3575723,-38.0838369],[145.3582717,-38.083924],[145.3582861,-38.0838521],[145.3575867,-38.0837651]]]}},{"type":"Feature","properties":{"id":860911000,"name":"Unnamed green space","category":"park"},"geometry":{"type":"Polygon","coordinates":[[[145.3591912,-38.084393],[145.3591496,-38.0845957],[145.3592853,-38.0846129],[145.3593269,-38.0844102],[145.3591912,-38.084393]]]}},{"type":"Feature","properties":{"id":901003034,"name":"Unnamed green space","category":"park"},"geometry":{"type":"Polygon","coordinates":[[[145.2920131,-38.1174203],[145.2919063,-38.1179637],[145.2919044,-38.1179832],[145.2919077,-38.1180031],[145.2919184,-38.1180233],[145.2919383,-38.1180401],[145.2919649,-38.1180509],[145.2920062,-38.1180591],[145.2920422,-38.1180635],[145.2920581,-38.1180622],[145.2920833,-38.1180533],[145.2920925,-38.1180519],[145.293379,-38.1182252],[145.2934471,-38.117585],[145.2931525,-38.1175649],[145.2931494,-38.1175921],[145.2931393,-38.1176108],[145.2931206,-38.1176309],[145.2930924,-38.1176455],[145.2930649,-38.1176525],[145.2930413,-38.1176545],[145.2930231,-38.1176532],[145.2930008,-38.1176473],[145.2929761,-38.1176368],[145.2929523,-38.1176178],[145.2929325,-38.1175901],[145.2929145,-38.1175556],[145.2928942,-38.1175374],[145.2928669,-38.1175222],[145.2928241,-38.117509],[145.292612,-38.1174649],[145.2921528,-38.1173691],[145.2921147,-38.1173634],[145.2920882,-38.1173631],[145.2920658,-38.117368],[145.2920401,-38.1173813],[145.2920221,-38.1173992],[145.2920131,-38.1174203]]]}},{"type":"Feature","properties":{"id":903736608,"name":"Unnamed green space","category":"park"},"geometry":{"type":"Polygon","coordinates":[[[145.2878004,-38.1471645],[145.2876583,-38.1473694],[145.2884471,-38.1474103],[145.2886058,-38.1471943],[145.2878004,-38.1471645]]]}},{"type":"Feature","properties":{"id":903736647,"name":"Unnamed green space","category":"park"},"geometry":{"type":"Polygon","coordinates":[[[145.28846,-38.1447309],[145.28844,-38.1448529],[145.2891533,-38.144925],[145.2891732,-38.1448031],[145.28846,-38.1447309]]]}},{"type":"Feature","properties":{"id":905659928,"name":"Unnamed green space","category":"park"},"geometry":{"type":"Polygon","coordinates":[[[145.3325347,-38.1083758],[145.3322507,-38.1083416],[145.3321504,-38.1088561],[145.3322277,-38.1089605],[145.3324165,-38.1089833],[145.3325347,-38.1083758]]]}},{"type":"Feature","properties":{"id":969996841,"name":"Unnamed green space","category":"park"},"geometry":{"type":"Polygon","coordinates":[[[145.3194468,-38.0816084],[145.3192933,-38.0823344],[145.3201028,-38.0824483],[145.3201666,-38.0824565],[145.320641,-38.0825177],[145.3208007,-38.0817636],[145.3194468,-38.0816084]]]}},{"type":"Feature","properties":{"id":970058637,"name":"Unnamed green space","category":"park"},"geometry":{"type":"Polygon","coordinates":[[[145.3158632,-38.0846708],[145.3160767,-38.0850383],[145.3164056,-38.0849676],[145.316362,-38.0848307],[145.3163112,-38.0848298],[145.316313,-38.0846646],[145.3162702,-38.0845849],[145.3161489,-38.0845745],[145.3158632,-38.0846708]]]}},{"type":"Feature","properties":{"id":977731369,"name":"Unnamed green space","category":"park"},"geometry":{"type":"Polygon","coordinates":[[[145.3329803,-38.082547],[145.3330545,-38.0825925],[145.3328289,-38.0827791],[145.3320972,-38.0833844],[145.3311176,-38.0841642],[145.3309965,-38.0842506],[145.3308451,-38.0843057],[145.3301087,-38.0845409],[145.3298885,-38.0846667],[145.3292285,-38.0850631],[145.3291607,-38.085091],[145.329082,-38.0851155],[145.3286194,-38.085113],[145.3279124,-38.0850937],[145.3278137,-38.0850778],[145.3277556,-38.0850545],[145.3276501,-38.0849816],[145.3272224,-38.0846449],[145.327117,-38.084591],[145.3269706,-38.0845523],[145.326205,-38.0852206],[145.3265597,-38.0855144],[145.3274164,-38.0858644],[145.3285929,-38.0861921],[145.3294907,-38.0859615],[145.3296765,-38.0859303],[145.3310064,-38.0860468],[145.3311264,-38.0854046],[145.3314365,-38.0854375],[145.3316681,-38.0852951],[145.3332243,-38.0853159],[145.3333044,-38.0852927],[145.3335522,-38.0838748],[145.3336748,-38.082971],[145.3336436,-38.0825314],[145.3335339,-38.0825304],[145.3330859,-38.0824605],[145.3329803,-38.082547]]]}},{"type":"Feature","properties":{"id":977731370,"name":"Unnamed green space","category":"park"},"geometry":{"type":"Polygon","coordinates":[[[145.3268153,-38.0844151],[145.3269036,-38.0841807],[145.3266059,-38.084157],[145.3265219,-38.0842396],[145.3263763,-38.0843521],[145.326215,-38.0843284],[145.3260301,-38.084189],[145.3252116,-38.0840992],[145.3245334,-38.084125],[145.3244259,-38.0844058],[145.3225029,-38.0859575],[145.3222458,-38.0860081],[145.3210122,-38.0858279],[145.3209714,-38.0858496],[145.3208046,-38.0866442],[145.3196887,-38.0865065],[145.3196482,-38.086529],[145.3195843,-38.0868261],[145.3195707,-38.0868539],[145.319558,-38.0868735],[145.3195437,-38.0868914],[145.3195215,-38.0869118],[145.3194973,-38.086929],[145.319471,-38.0869438],[145.3194429,-38.0869557],[145.3194097,-38.0869653],[145.3193804,-38.086971],[145.3193522,-38.0869747],[145.3193191,-38.0869744],[145.3192818,-38.0869707],[145.3185509,-38.0868757],[145.3184232,-38.0868583],[145.3177962,-38.0867386],[145.3166394,-38.0865944],[145.3165636,-38.0869866],[145.3167521,-38.0871917],[145.317652,-38.087303],[145.3183203,-38.0874315],[145.3219942,-38.0878862],[145.322412,-38.0879373],[145.3224724,-38.087889],[145.3234896,-38.087075],[145.3237134,-38.0868991],[145.3260086,-38.0850632],[145.3263669,-38.0848418],[145.3267037,-38.0845626],[145.3268153,-38.0844151]]]}},{"type":"Feature","properties":{"id":993174855,"name":"Bella Vista Gardens","category":"park"},"geometry":{"type":"Polygon","coordinates":[[[145.3414507,-38.1215931],[145.3413748,-38.1219178],[145.3424224,-38.1220687],[145.3426915,-38.1221546],[145.3429918,-38.1222466],[145.3432063,-38.1222681],[145.3439668,-38.1223571],[145.3441774,-38.1223509],[145.3443996,-38.122308],[145.3446716,-38.1223075],[145.3455549,-38.1224097],[145.3455602,-38.1218811],[145.3450895,-38.1219869],[145.3450522,-38.1220457],[145.3449625,-38.1220692],[145.3446487,-38.1220516],[145.3446038,-38.1220928],[145.3445441,-38.1221104],[145.3444619,-38.122081],[145.3444096,-38.1220457],[145.3442078,-38.1220928],[145.3439837,-38.1220928],[145.3437222,-38.1220516],[145.3433934,-38.1219987],[145.3432365,-38.1220046],[145.3431543,-38.1219047],[145.3430571,-38.1218459],[145.3428778,-38.1218459],[145.3428106,-38.121887],[145.3427359,-38.1219105],[145.3425266,-38.1219047],[145.3422726,-38.1218459],[145.3419513,-38.121793],[145.3418766,-38.1217283],[145.3417645,-38.1216343],[145.3416001,-38.1215696],[145.3414507,-38.1215931]]]}},{"type":"Feature","properties":{"id":993174868,"name":"Unnamed green space","category":"park"},"geometry":{"type":"Polygon","coordinates":[[[145.3493754,-38.1239037],[145.3489904,-38.1256297],[145.3490368,-38.125675],[145.3500147,-38.1257969],[145.3497532,-38.1245361],[145.3495674,-38.1241529],[145.3493754,-38.1239037]]]}},{"type":"Feature","properties":{"id":996011136,"name":"Unnamed green space","category":"park"},"geometry":{"type":"Polygon","coordinates":[[[145.3397199,-38.1059498],[145.3396635,-38.106541],[145.3400741,-38.1066555],[145.3410822,-38.107047],[145.3414819,-38.107312],[145.3418513,-38.1076949],[145.3419903,-38.1079531],[145.3420924,-38.108189],[145.3422054,-38.1086437],[145.3422858,-38.1090129],[145.3420533,-38.1090112],[145.3418925,-38.1098232],[145.341873,-38.1101497],[145.3419708,-38.1103891],[145.3421945,-38.1108711],[145.3423184,-38.111478],[145.342301,-38.1117908],[145.3422467,-38.1121635],[145.3425921,-38.1122848],[145.3428594,-38.1124028],[145.344517,-38.1126045],[145.3445714,-38.1125224],[145.3445236,-38.1122865],[145.3443802,-38.111666],[145.344063,-38.1099822],[145.3441738,-38.1093959],[145.3441607,-38.1092711],[145.3439804,-38.1092061],[145.3430723,-38.1090882],[145.3430114,-38.1090112],[145.342729,-38.1078864],[145.3425335,-38.1075205],[145.3422402,-38.1071581],[145.3420482,-38.1069926],[145.3417839,-38.1067649],[145.3414354,-38.1065775],[145.3411218,-38.1064386],[145.3404825,-38.1061717],[145.3397199,-38.1059498]]]}},{"type":"Feature","properties":{"id":1000736263,"name":"Sierra Walk Reserve","category":"reserve"},"geometry":{"type":"Polygon","coordinates":[[[145.2989497,-38.0808895],[145.2989134,-38.0811627],[145.2989112,-38.0811996],[145.2989105,-38.0812124],[145.2989239,-38.0812551],[145.2989373,-38.0812946],[145.2989303,-38.0813369],[145.2989145,-38.0813675],[145.298907,-38.0813819],[145.2988696,-38.0814288],[145.2988398,-38.0814586],[145.2995754,-38.0815542],[145.29958,-38.0815276],[145.2995998,-38.0814618],[145.2996213,-38.0814382],[145.2996691,-38.0814091],[145.2996725,-38.0814045],[145.2996845,-38.0813879],[145.299552,-38.0813679],[145.2996776,-38.0807755],[145.2992778,-38.0807252],[145.2991707,-38.0807179],[145.2990798,-38.0807422],[145.2990167,-38.0807846],[145.2989736,-38.0808367],[145.2989497,-38.0808895]]]}},{"type":"Feature","properties":{"id":1002576143,"name":"Unnamed green space","category":"park"},"geometry":{"type":"Polygon","coordinates":[[[145.3359495,-38.0926951],[145.3359305,-38.0928008],[145.3359152,-38.0929113],[145.3358943,-38.0930256],[145.3358597,-38.0932194],[145.3358376,-38.0933494],[145.33596,-38.0933058],[145.3360525,-38.0932736],[145.3361279,-38.0932518],[145.3362697,-38.0932154],[145.3364948,-38.0931705],[145.3366626,-38.0931118],[145.3367922,-38.0930022],[145.3368433,-38.0928571],[145.3368521,-38.0927937],[145.3359495,-38.0926951]]]}},{"type":"Feature","properties":{"id":1016752012,"name":"Unnamed green space","category":"park"},"geometry":{"type":"Polygon","coordinates":[[[145.3192363,-38.1302727],[145.3188739,-38.130312],[145.3188325,-38.130315],[145.3186919,-38.130322],[145.3184177,-38.1303358],[145.3180578,-38.130334],[145.3178005,-38.1316385],[145.3159544,-38.1314059],[145.3159382,-38.1314919],[145.3158773,-38.1314856],[145.3157186,-38.1323133],[145.3192461,-38.1327506],[145.3195197,-38.13274],[145.3196867,-38.1319196],[145.319229,-38.1318611],[145.3191949,-38.1318535],[145.3191629,-38.1318421],[145.3191327,-38.1318228],[145.3191108,-38.1318004],[145.3190971,-38.1317776],[145.3190867,-38.1317518],[145.319085,-38.1317227],[145.3190879,-38.1316932],[145.3192878,-38.1306891],[145.319294,-38.1305624],[145.3192883,-38.1304849],[145.3192555,-38.1303363],[145.3192363,-38.1302727]]]}},{"type":"Feature","properties":{"id":1021322971,"name":"Unnamed green space","category":"park"},"geometry":{"type":"Polygon","coordinates":[[[145.3629115,-38.1339702],[145.3622829,-38.1369331],[145.3622231,-38.1372656],[145.3622161,-38.1375001],[145.3621641,-38.1377431],[145.362276,-38.1381416],[145.3638549,-38.138339],[145.3645253,-38.1383912],[145.3645903,-38.1383529],[145.3646245,-38.1380746],[145.3641106,-38.13678],[145.3636634,-38.1356528],[145.3632407,-38.1345892],[145.3633086,-38.134282],[145.3630605,-38.1342516],[145.3629115,-38.1339702]]]}},{"type":"Feature","properties":{"id":1021322972,"name":"Ballarto Road Interim Sewer Pumping Station","category":"park"},"geometry":{"type":"Polygon","coordinates":[[[145.3710521,-38.1384313],[145.3722659,-38.1385826],[145.3713972,-38.1368173],[145.3710521,-38.1384313]]]}},{"type":"Feature","properties":{"id":1050518935,"name":"Orana Wetlands","category":"park"},"geometry":{"type":"Polygon","coordinates":[[[145.3667033,-38.1275494],[145.368503,-38.1278353],[145.368654,-38.1272338],[145.3699789,-38.1274106],[145.3706629,-38.1242093],[145.3684736,-38.1239152],[145.367058,-38.1237933],[145.3667754,-38.1251403],[145.3668545,-38.1251817],[145.3669012,-38.1252216],[145.3669397,-38.1252903],[145.3669576,-38.1253852],[145.3670138,-38.1260892],[145.3667033,-38.1275494]]]}},{"type":"Feature","properties":{"id":1056793722,"name":"St Germain Wetlands","category":"park"},"geometry":{"type":"Polygon","coordinates":[[[145.3597396,-38.0929577],[145.3582112,-38.0927656],[145.3560627,-38.092436],[145.355642,-38.0923787],[145.3536856,-38.0921389],[145.3536324,-38.0921339],[145.3536047,-38.092148],[145.3535479,-38.0924424],[145.3535336,-38.0924957],[145.3535174,-38.0925446],[145.3534902,-38.0926141],[145.3534433,-38.0927193],[145.3534125,-38.0928053],[145.3533875,-38.0928906],[145.3533622,-38.093019],[145.3533555,-38.0930985],[145.353983,-38.0937644],[145.3546001,-38.0935117],[145.3551893,-38.0933284],[145.3556887,-38.0931579],[145.3560965,-38.0931331],[145.3580363,-38.0934085],[145.3583542,-38.0934951],[145.3593798,-38.0939258],[145.3598629,-38.093989],[145.359972,-38.0934645],[145.3599696,-38.0932945],[145.3599272,-38.093116],[145.3597396,-38.0929577]]]}},{"type":"Feature","properties":{"id":1071448642,"name":"Unnamed green space","category":"park"},"geometry":{"type":"Polygon","coordinates":[[[145.3348788,-38.1011116],[145.3348302,-38.1014088],[145.3349144,-38.1014183],[145.3349612,-38.1011197],[145.3348788,-38.1011116]]]}},{"type":"Feature","properties":{"id":1078948330,"name":"Unnamed green space","category":"park"},"geometry":{"type":"Polygon","coordinates":[[[145.3506531,-38.1254196],[145.3512093,-38.1253443],[145.3512246,-38.125329],[145.3510754,-38.124664],[145.3510628,-38.1245624],[145.3510636,-38.1244595],[145.3510674,-38.1244084],[145.3510756,-38.1243561],[145.3510972,-38.1242545],[145.3511474,-38.1239787],[145.351052,-38.1238586],[145.3501048,-38.1237499],[145.3500362,-38.1237185],[145.3502739,-38.1241576],[145.3504444,-38.1246248],[145.3506531,-38.1254196]]]}},{"type":"Feature","properties":{"id":1087644716,"name":"Unnamed green space","category":"park"},"geometry":{"type":"Polygon","coordinates":[[[145.3349694,-38.0908496],[145.3383803,-38.0912166],[145.3426359,-38.0917407],[145.3426566,-38.0910693],[145.3425563,-38.0907901],[145.3425101,-38.0907583],[145.3418129,-38.0906741],[145.3415286,-38.0906076],[145.3406497,-38.0904705],[145.3399505,-38.0903872],[145.3383683,-38.0901985],[145.336676,-38.0901115],[145.3356806,-38.0900105],[145.3351107,-38.0900153],[145.3349694,-38.0908496]]]}},{"type":"Feature","properties":{"id":1087644717,"name":"Unnamed green space","category":"park"},"geometry":{"type":"Polygon","coordinates":[[[145.3446658,-38.0905715],[145.3449816,-38.0906091],[145.3450026,-38.090502],[145.3446872,-38.0904648],[145.3446658,-38.0905715]]]}},{"type":"Feature","properties":{"id":1087644718,"name":"Unnamed green space","category":"park"},"geometry":{"type":"Polygon","coordinates":[[[145.3392357,-38.0898963],[145.3392522,-38.0898109],[145.3389514,-38.0897689],[145.33859,-38.0897277],[145.3385675,-38.0898457],[145.33893,-38.0898907],[145.3389354,-38.089855],[145.3392357,-38.0898963]]]}},{"type":"Feature","properties":{"id":1087644719,"name":"Unnamed green space","category":"park"},"geometry":{"type":"Polygon","coordinates":[[[145.3509707,-38.0939153],[145.3515585,-38.0939899],[145.3516585,-38.0939979],[145.3517577,-38.0940009],[145.3518558,-38.0933741],[145.3510686,-38.0932872],[145.3509707,-38.0939153]]]}},{"type":"Feature","properties":{"id":1087644721,"name":"Unnamed green space","category":"park"},"geometry":{"type":"Polygon","coordinates":[[[145.3512961,-38.0918038],[145.3510686,-38.0932872],[145.3518558,-38.0933741],[145.3517577,-38.0940009],[145.3518655,-38.0939977],[145.3519693,-38.093987],[145.3520745,-38.0939723],[145.3521769,-38.0939491],[145.3522787,-38.0939199],[145.3523784,-38.0938853],[145.3524757,-38.0938446],[145.3525697,-38.0938012],[145.3530443,-38.0935205],[145.353063,-38.0934195],[145.3515893,-38.0918458],[145.3512961,-38.0918038]]]}},{"type":"Feature","properties":{"id":1087644722,"name":"Unnamed green space","category":"park"},"geometry":{"type":"Polygon","coordinates":[[[145.3531196,-38.092087],[145.3530517,-38.0920356],[145.3515893,-38.0918458],[145.353063,-38.0934195],[145.3530443,-38.0935205],[145.3531352,-38.0934668],[145.3530924,-38.0933044],[145.3530775,-38.0930803],[145.3531919,-38.0923844],[145.3531196,-38.092087]]]}},{"type":"Feature","properties":{"id":1088950388,"name":"Unnamed green space","category":"park"},"geometry":{"type":"Polygon","coordinates":[[[145.3697403,-38.1229594],[145.3698676,-38.1223633],[145.3698653,-38.1223321],[145.3698454,-38.1223036],[145.3698221,-38.122288],[145.3697859,-38.122277],[145.3686873,-38.1221309],[145.3686441,-38.1221318],[145.3686137,-38.1221429],[145.368581,-38.1221631],[145.3685658,-38.1221897],[145.3684409,-38.1227885],[145.3684888,-38.1227996],[145.3696715,-38.1229603],[145.3697403,-38.1229594]]]}},{"type":"Feature","properties":{"id":1108469122,"name":"Unnamed green space","category":"park"},"geometry":{"type":"Polygon","coordinates":[[[145.3321226,-38.0808931],[145.3320256,-38.0814255],[145.3321314,-38.0814375],[145.3322283,-38.080905],[145.3321226,-38.0808931]]]}},{"type":"Feature","properties":{"id":1117749312,"name":"Unnamed green space","category":"park"},"geometry":{"type":"Polygon","coordinates":[[[145.3465525,-38.1109147],[145.3465408,-38.1109787],[145.3464663,-38.111385],[145.3464553,-38.1114452],[145.3465404,-38.1114548],[145.3466307,-38.111465],[145.3467022,-38.1114731],[145.3467993,-38.1109426],[145.3467315,-38.110935],[145.3466376,-38.1109243],[145.3465525,-38.1109147]]]}},{"type":"Feature","properties":{"id":1125771009,"name":"Unnamed green space","category":"park"},"geometry":{"type":"Polygon","coordinates":[[[145.3446488,-38.0830869],[145.345223,-38.0831539],[145.3455513,-38.0831929],[145.3511201,-38.0838592],[145.3532957,-38.0841066],[145.3546746,-38.0842589],[145.3556293,-38.0843713],[145.3559931,-38.0844144],[145.3574478,-38.0845848],[145.3617682,-38.0850977],[145.361808,-38.0851025],[145.3618263,-38.0850116],[145.3617315,-38.0849093],[145.3610374,-38.084828],[145.3608356,-38.0846734],[145.3603205,-38.0847438],[145.3560289,-38.0842354],[145.3529509,-38.0838746],[145.3525826,-38.0838316],[145.351015,-38.0836488],[145.3467344,-38.0831451],[145.3446816,-38.0829062],[145.3446488,-38.0830869]]]}},{"type":"Feature","properties":{"id":1131179914,"name":"Unnamed green space","category":"park"},"geometry":{"type":"Polygon","coordinates":[[[145.2915344,-38.1482951],[145.2920705,-38.1483569],[145.2921999,-38.1476324],[145.2919211,-38.1476469],[145.2917347,-38.1476663],[145.2915868,-38.1477063],[145.2916099,-38.147739],[145.2915067,-38.1482163],[145.2915344,-38.1482951]]]}},{"type":"Feature","properties":{"id":1131515939,"name":"Unnamed green space","category":"park"},"geometry":{"type":"Polygon","coordinates":[[[145.3098501,-38.1292681],[145.3097786,-38.1293302],[145.3096423,-38.1299514],[145.3107888,-38.1301057],[145.3109208,-38.1294086],[145.3098501,-38.1292681]]]}},{"type":"Feature","properties":{"id":1131516038,"name":"Unnamed green space","category":"park"},"geometry":{"type":"Polygon","coordinates":[[[145.3257321,-38.1222465],[145.3256118,-38.1228023],[145.3256015,-38.1228469],[145.3259386,-38.1228928],[145.3260695,-38.1222921],[145.3257321,-38.1222465]]]}},{"type":"Feature","properties":{"id":1150136192,"name":"Unnamed green space","category":"park"},"geometry":{"type":"Polygon","coordinates":[[[145.3405847,-38.081542],[145.34058,-38.0815784],[145.340626,-38.0815694],[145.3407929,-38.0814732],[145.3406279,-38.081298],[145.3405847,-38.081542]]]}},{"type":"Feature","properties":{"id":1152384280,"name":"Unnamed green space","category":"park"},"geometry":{"type":"Polygon","coordinates":[[[145.3451903,-38.1085813],[145.345066,-38.1092107],[145.3458137,-38.1092941],[145.3458538,-38.1092728],[145.3459718,-38.1086734],[145.3451903,-38.1085813]]]}},{"type":"Feature","properties":{"id":1196991939,"name":"Riverfield Park","category":"park"},"geometry":{"type":"Polygon","coordinates":[[[145.3636634,-38.1356528],[145.3641106,-38.13678],[145.3646788,-38.1366388],[145.3647182,-38.1366027],[145.3648172,-38.1361364],[145.3648188,-38.1361208],[145.3648185,-38.1361052],[145.3648128,-38.1360875],[145.3645637,-38.1354581],[145.3645193,-38.1354407],[145.3636634,-38.1356528]]]}},{"type":"Feature","properties":{"id":1202221126,"name":"Ramlegh Reserve","category":"reserve"},"geometry":{"type":"Polygon","coordinates":[[[145.3383673,-38.1138489],[145.3402642,-38.1140634],[145.3403745,-38.1140164],[145.340538,-38.1140661],[145.342206,-38.1142623],[145.3434351,-38.1144025],[145.3436391,-38.114428],[145.3436553,-38.1146713],[145.3436407,-38.1149261],[145.3435889,-38.1152383],[145.3434658,-38.1156524],[145.343082,-38.1164728],[145.3430545,-38.1165544],[145.343095,-38.1166181],[145.3431905,-38.1166882],[145.3435452,-38.1167646],[145.3438027,-38.1161008],[145.3439273,-38.1159938],[145.3441071,-38.1155836],[145.3442091,-38.1152217],[145.3442577,-38.1148484],[145.3442561,-38.1145235],[145.3442075,-38.1141757],[145.3440358,-38.113345],[145.3439766,-38.113012],[145.3439645,-38.1129582],[145.3440061,-38.1127482],[145.3439766,-38.1127219],[145.3428752,-38.1125938],[145.3427026,-38.1125562],[145.3424343,-38.1124328],[145.3422546,-38.1123631],[145.3389008,-38.1119619],[145.3388442,-38.1119651],[145.3387584,-38.1120174],[145.3386806,-38.1121588],[145.3386418,-38.112406],[145.3385802,-38.1125219],[145.3383762,-38.1135489],[145.3384312,-38.1135616],[145.3383673,-38.1138489]]]}},{"type":"Feature","properties":{"id":1204603863,"name":"Clyde Recreation Reserve","category":"reserve"},"geometry":{"type":"Polygon","coordinates":[[[145.328773,-38.1229238],[145.3288061,-38.1229082],[145.3291274,-38.1213098],[145.3291504,-38.1211826],[145.3320175,-38.121541],[145.3320411,-38.1215279],[145.332336,-38.1200682],[145.3323336,-38.119939],[145.3323621,-38.1197818],[145.3321828,-38.1195943],[145.3288213,-38.119121],[145.3281144,-38.119148],[145.3275895,-38.1193722],[145.3273376,-38.1197555],[145.3271194,-38.1205863],[145.3269287,-38.1216817],[145.3269165,-38.1219031],[145.3268367,-38.1222976],[145.3268183,-38.1224509],[145.3268756,-38.1224933],[145.3268407,-38.1226765],[145.3269761,-38.1227786],[145.3279904,-38.122904],[145.3280714,-38.1229072],[145.3282786,-38.1228943],[145.328576,-38.1228992],[145.328773,-38.1229238]]]}},{"type":"Feature","properties":{"id":1221220547,"name":"Unnamed green space","category":"park"},"geometry":{"type":"Polygon","coordinates":[[[145.3665041,-38.1074346],[145.3664442,-38.1074981],[145.3663926,-38.1075637],[145.3664283,-38.107648],[145.3665097,-38.1078089],[145.3665951,-38.1079119],[145.3666318,-38.1079854],[145.3666844,-38.1081353],[145.3666864,-38.1082102],[145.3667241,-38.1083195],[145.3667578,-38.108432],[145.3667807,-38.1085058],[145.367071,-38.109443],[145.3671971,-38.1093723],[145.3671315,-38.109163],[145.3675812,-38.1088931],[145.3678151,-38.1091432],[145.3679999,-38.1090366],[145.3665041,-38.1074346]]]}},{"type":"Feature","properties":{"id":1221220548,"name":"Unnamed green space","category":"park"},"geometry":{"type":"Polygon","coordinates":[[[145.3693494,-38.1129743],[145.3693086,-38.1129685],[145.3687489,-38.1132961],[145.3686913,-38.1133401],[145.3686436,-38.1133868],[145.3685514,-38.1138841],[145.3685662,-38.1138983],[145.3696345,-38.1140356],[145.3696559,-38.1140214],[145.3697728,-38.1134645],[145.3697728,-38.1134321],[145.3697563,-38.1134062],[145.3693494,-38.1129743]]]}},{"type":"Feature","properties":{"id":1221220549,"name":"Unnamed green space","category":"park"},"geometry":{"type":"Polygon","coordinates":[[[145.3673681,-38.1127533],[145.3673458,-38.1129783],[145.3674103,-38.1130363],[145.3677221,-38.1130774],[145.3677757,-38.1127942],[145.3673681,-38.1127533]]]}},{"type":"Feature","properties":{"id":1221220550,"name":"Unnamed green space","category":"park"},"geometry":{"type":"Polygon","coordinates":[[[145.367699,-38.1132538],[145.3674057,-38.1132091],[145.3672752,-38.1132623],[145.3672276,-38.1134665],[145.3676299,-38.1135257],[145.367699,-38.1132538]]]}},{"type":"Feature","properties":{"id":1221220554,"name":"Unnamed green space","category":"park"},"geometry":{"type":"Polygon","coordinates":[[[145.3690129,-38.1104203],[145.3699873,-38.1114654],[145.3701676,-38.1113567],[145.3691947,-38.110316],[145.3690129,-38.1104203]]]}},{"type":"Feature","properties":{"id":1223705089,"name":"Unnamed green space","category":"park"},"geometry":{"type":"Polygon","coordinates":[[[145.3241711,-38.1258084],[145.3248974,-38.1258993],[145.3251156,-38.1259254],[145.3252534,-38.1256676],[145.325207,-38.1256622],[145.3250872,-38.1256481],[145.3249979,-38.125637],[145.3242576,-38.1255454],[145.3242186,-38.1255688],[145.3241711,-38.1258084]]]}},{"type":"Feature","properties":{"id":1234233222,"name":"Meridian Central Reserve","category":"reserve"},"geometry":{"type":"Polygon","coordinates":[[[145.352868,-38.1031766],[145.3508611,-38.1029675],[145.3508084,-38.102999],[145.3506883,-38.1036948],[145.3507429,-38.1037278],[145.3510085,-38.1037679],[145.3511359,-38.1037994],[145.3520456,-38.1041687],[145.3523112,-38.1042289],[145.3527151,-38.1042618],[145.3527734,-38.1042231],[145.3529535,-38.1032811],[145.352868,-38.1031766]]]}},{"type":"Feature","properties":{"id":1257082475,"name":"Maple Park","category":"park"},"geometry":{"type":"Polygon","coordinates":[[[145.3289691,-38.1275976],[145.328867,-38.1281302],[145.328852,-38.1282083],[145.3288185,-38.1283831],[145.3288007,-38.1284762],[145.3285763,-38.1296462],[145.3285873,-38.1296557],[145.3301799,-38.1310287],[145.3304581,-38.1296356],[145.3306493,-38.1289059],[145.3307808,-38.128302],[145.3308861,-38.1278185],[145.3308494,-38.1278143],[145.3301548,-38.1277342],[145.3291106,-38.1276139],[145.3289691,-38.1275976]]]}},{"type":"Feature","properties":{"id":1257085329,"name":"Creekside Park","category":"park"},"geometry":{"type":"Polygon","coordinates":[[[145.338124,-38.1253829],[145.3373914,-38.1272755],[145.3356737,-38.1271034],[145.3355801,-38.1274339],[145.3396485,-38.1279009],[145.3396777,-38.1275334],[145.3397481,-38.1272879],[145.339931,-38.127008],[145.3400778,-38.1267439],[145.3401526,-38.1264519],[145.3401823,-38.1260117],[145.3402423,-38.1257999],[145.3400362,-38.1256394],[145.3397382,-38.1255559],[145.3393862,-38.1254868],[145.3388867,-38.1254262],[145.338124,-38.1253829]]]}},{"type":"Feature","properties":{"id":1292757755,"name":"Unnamed green space","category":"park"},"geometry":{"type":"Polygon","coordinates":[[[145.3523005,-38.1278346],[145.352328,-38.1278302],[145.3524896,-38.1276995],[145.3526581,-38.1275832],[145.3527911,-38.1275065],[145.3528861,-38.1274648],[145.3528748,-38.1274491],[145.3528453,-38.1274236],[145.3527294,-38.1273512],[145.3525941,-38.1272916],[145.3524687,-38.127213],[145.3523708,-38.1271545],[145.3522293,-38.1270833],[145.3521234,-38.1270637],[145.3521521,-38.1269828],[145.3521371,-38.1269756],[145.3509537,-38.1267894],[145.3506531,-38.1254196],[145.3504444,-38.1246248],[145.3502739,-38.1241576],[145.3500362,-38.1237185],[145.3499323,-38.1235849],[145.3498205,-38.1234566],[145.349702,-38.1233341],[145.3495789,-38.1232142],[145.3494366,-38.1231039],[145.3492899,-38.1229971],[145.3491375,-38.1228982],[145.3489839,-38.1228038],[145.3465165,-38.1214662],[145.3461998,-38.1213353],[145.3461358,-38.1213996],[145.3461027,-38.1214847],[145.346096,-38.1216202],[145.3460364,-38.1217938],[145.346096,-38.1219519],[145.3460386,-38.1219918],[145.3459923,-38.1222402],[145.346091,-38.1222552],[145.3469308,-38.1223681],[145.3486714,-38.1232908],[145.3488765,-38.1234166],[145.3490783,-38.1235708],[145.34924,-38.1237347],[145.3493754,-38.1239037],[145.3495674,-38.1241529],[145.3497532,-38.1245361],[145.3498278,-38.124948],[145.3500147,-38.1257969],[145.3501688,-38.126497],[145.3503531,-38.127279],[145.3514116,-38.1274146],[145.3517021,-38.1274764],[145.3519537,-38.1275925],[145.3522671,-38.1278113],[145.3523005,-38.1278346]]]}},{"type":"Feature","properties":{"id":1292774951,"name":"Unnamed green space","category":"park"},"geometry":{"type":"Polygon","coordinates":[[[145.3609144,-38.126151],[145.3617847,-38.1262629],[145.3618031,-38.126253],[145.3619241,-38.1256498],[145.3619639,-38.1256528],[145.3619382,-38.1251735],[145.3611386,-38.1250624],[145.3611153,-38.1250822],[145.3608906,-38.1261223],[145.3609144,-38.126151]]]}},{"type":"Feature","properties":{"id":1292774952,"name":"Unnamed green space","category":"park"},"geometry":{"type":"Polygon","coordinates":[[[145.3633043,-38.1233266],[145.3635334,-38.1252087],[145.3635714,-38.1252358],[145.3642304,-38.1253286],[145.3645457,-38.1237657],[145.3644818,-38.1235336],[145.3643741,-38.1234582],[145.3633043,-38.1233266]]]}},{"type":"Feature","properties":{"id":1292775584,"name":"Unnamed green space","category":"park"},"geometry":{"type":"Polygon","coordinates":[[[145.368654,-38.1272338],[145.368503,-38.1278353],[145.3667033,-38.1275494],[145.3666878,-38.127631],[145.366683,-38.1276768],[145.3667413,-38.1279291],[145.3667826,-38.1281049],[145.3667854,-38.1282006],[145.366588,-38.1291604],[145.3675001,-38.1292804],[145.3677693,-38.1299908],[145.3680534,-38.1299085],[145.372405,-38.1304826],[145.3724416,-38.1304605],[145.372508,-38.1301579],[145.3724796,-38.130125],[145.369995,-38.1297993],[145.3695676,-38.12936],[145.3699789,-38.1274106],[145.368654,-38.1272338]]]}},{"type":"Feature","properties":{"id":1292775585,"name":"Unnamed green space","category":"park"},"geometry":{"type":"Polygon","coordinates":[[[145.366588,-38.1291604],[145.3664196,-38.1299651],[145.3664153,-38.1299934],[145.366428,-38.1300233],[145.3664619,-38.1300449],[145.3667368,-38.1301714],[145.366815,-38.1302512],[145.366851,-38.1302562],[145.3668933,-38.1302512],[145.3677693,-38.1299908],[145.3675001,-38.1292804],[145.366588,-38.1291604]]]}},{"type":"Feature","properties":{"id":1292790723,"name":"Unnamed green space","category":"park"},"geometry":{"type":"Polygon","coordinates":[[[145.3582785,-38.1030334],[145.3582676,-38.103072],[145.3593307,-38.1042126],[145.3594872,-38.1043926],[145.3596357,-38.1046057],[145.359728,-38.1047778],[145.3598313,-38.1050103],[145.3598767,-38.1050332],[145.3600383,-38.1049975],[145.3601527,-38.1049875],[145.3602997,-38.1049975],[145.3608662,-38.1050661],[145.3609243,-38.1050375],[145.3609806,-38.1049146],[145.3610696,-38.1047689],[145.3611331,-38.1046646],[145.3611313,-38.1046232],[145.3609788,-38.1045446],[145.3608753,-38.104476],[145.3607155,-38.1043146],[145.3605797,-38.1041737],[145.3603067,-38.103878],[145.3596766,-38.1032074],[145.3594874,-38.103006],[145.35941,-38.102918],[145.3593691,-38.1028453],[145.3593261,-38.1027674],[145.359304,-38.102717],[145.3592637,-38.102702],[145.3584629,-38.1029337],[145.3582785,-38.1030334]]]}},{"type":"Feature","properties":{"id":1292790724,"name":"Unnamed green space","category":"park"},"geometry":{"type":"Polygon","coordinates":[[[145.3372431,-38.0956825],[145.3370125,-38.0969598],[145.3369854,-38.09711],[145.3383676,-38.0972935],[145.3406504,-38.0975718],[145.344672,-38.0980542],[145.3499922,-38.0986959],[145.350219,-38.0987233],[145.3535568,-38.0991277],[145.3590697,-38.0997787],[145.3575155,-38.0981341],[145.356847,-38.0974212],[145.3567303,-38.0980401],[145.3552481,-38.0978653],[145.3531439,-38.0976172],[145.3512262,-38.0973879],[145.3504418,-38.0972914],[145.3437384,-38.0964713],[145.3372431,-38.0956825]]]}},{"type":"Feature","properties":{"id":1305872631,"name":"Unnamed green space","category":"park"},"geometry":{"type":"Polygon","coordinates":[[[145.3236691,-38.0782467],[145.32327,-38.0804759],[145.3262572,-38.0808312],[145.3266692,-38.0786655],[145.3266495,-38.0786285],[145.3236691,-38.0782467]]]}},{"type":"Feature","properties":{"id":1305886794,"name":"Unnamed green space","category":"park"},"geometry":{"type":"Polygon","coordinates":[[[145.3784907,-38.0983941],[145.3784919,-38.0985312],[145.3784853,-38.0986061],[145.3784757,-38.0986793],[145.3784461,-38.098825],[145.3783858,-38.0991245],[145.3782664,-38.0997202],[145.3782716,-38.0997209],[145.3778182,-38.1019817],[145.3776816,-38.102705],[145.3777152,-38.1027489],[145.378039,-38.1028913],[145.3781247,-38.1027439],[145.3781977,-38.1024242],[145.3782841,-38.1019879],[145.3785571,-38.1006091],[145.3787209,-38.0997764],[145.3790152,-38.0982923],[145.3789865,-38.0982624],[145.3788721,-38.0982606],[145.3787621,-38.0982683],[145.3785968,-38.09829],[145.3784907,-38.0983941]]]}},{"type":"Feature","properties":{"id":1305886795,"name":"Unnamed green space","category":"park"},"geometry":{"type":"Polygon","coordinates":[[[145.3605484,-38.0984917],[145.3606428,-38.0988751],[145.3607136,-38.0991268],[145.3608202,-38.0994714],[145.3609348,-38.0996842],[145.3609954,-38.0998546],[145.3610634,-38.0999525],[145.3612588,-38.1001003],[145.3613739,-38.1002001],[145.361418,-38.1002006],[145.3616347,-38.1001434],[145.361855,-38.1001116],[145.3620853,-38.1001021],[145.362308,-38.100102],[145.3706937,-38.101061],[145.3709445,-38.099727],[145.3660247,-38.0991501],[145.3608494,-38.0985269],[145.3605484,-38.0984917]]]}},{"type":"Feature","properties":{"id":1305886796,"name":"Unnamed green space","category":"park"},"geometry":{"type":"Polygon","coordinates":[[[145.3712212,-38.0997588],[145.3709798,-38.1010332],[145.3710766,-38.1011356],[145.372203,-38.1012685],[145.3738322,-38.1014604],[145.3747345,-38.101566],[145.374895,-38.1015907],[145.3750461,-38.1016273],[145.3751911,-38.1016785],[145.3761125,-38.102329],[145.3765276,-38.1025057],[145.377286,-38.1026826],[145.3773365,-38.1026379],[145.3774387,-38.102403],[145.3775315,-38.1019472],[145.377779,-38.1005126],[145.3712212,-38.0997588]]]}},{"type":"Feature","properties":{"id":1305886798,"name":"Unnamed green space","category":"park"},"geometry":{"type":"Polygon","coordinates":[[[145.3785571,-38.1006091],[145.3782841,-38.1019879],[145.3821936,-38.1024354],[145.3891784,-38.1002964],[145.3860812,-38.0997579],[145.384641,-38.1002318],[145.3827031,-38.1008026],[145.3822322,-38.1009986],[145.3818424,-38.1010156],[145.3785571,-38.1006091]]]}},{"type":"Feature","properties":{"id":1305886804,"name":"Unnamed green space","category":"park"},"geometry":{"type":"Polygon","coordinates":[[[145.3776249,-38.1029749],[145.3775306,-38.1034233],[145.3779622,-38.1035312],[145.3782429,-38.1036768],[145.3784281,-38.103829],[145.3784578,-38.1038492],[145.3793453,-38.1044509],[145.3796385,-38.1045704],[145.3802747,-38.1047438],[145.3807797,-38.1048183],[145.3821277,-38.1050195],[145.3821561,-38.1046171],[145.3821245,-38.1045824],[145.3819541,-38.1045128],[145.3809565,-38.1043886],[145.3803788,-38.1042967],[145.3799685,-38.1041924],[145.3793087,-38.1038893],[145.3790877,-38.1037477],[145.3787847,-38.1035241],[145.3786205,-38.1033801],[145.3783711,-38.103236],[145.3781154,-38.1031242],[145.3776249,-38.1029749]]]}},{"type":"Feature","properties":{"id":1305886805,"name":"Unnamed green space","category":"park"},"geometry":{"type":"Polygon","coordinates":[[[145.3784578,-38.1038492],[145.378259,-38.1040514],[145.3781976,-38.1044484],[145.3789007,-38.1045445],[145.379085,-38.1042742],[145.3784578,-38.1038492]]]}},{"type":"Feature","properties":{"id":1346095727,"name":"Unnamed green space","category":"park"},"geometry":{"type":"Polygon","coordinates":[[[145.3724125,-38.137759],[145.3727843,-38.1385169],[145.3736865,-38.1386355],[145.3738259,-38.1379729],[145.3737987,-38.1379417],[145.3724125,-38.137759]]]}},{"type":"Feature","properties":{"id":1348433981,"name":"Unnamed green space","category":"park"},"geometry":{"type":"Polygon","coordinates":[[[145.336961,-38.0798473],[145.337005,-38.0798941],[145.3371646,-38.0800639],[145.3371633,-38.0800901],[145.3371594,-38.0800897],[145.3371579,-38.080098],[145.3371506,-38.0801372],[145.3371449,-38.0801672],[145.3371376,-38.0802054],[145.3371274,-38.0802688],[145.3371483,-38.0802718],[145.3371408,-38.0803126],[145.3371238,-38.080403],[145.3371242,-38.0804293],[145.3371238,-38.0804521],[145.3371495,-38.0804551],[145.3374607,-38.0804919],[145.3375188,-38.0804988],[145.3377108,-38.0805215],[145.3378081,-38.080533],[145.337994,-38.080555],[145.3380217,-38.0805582],[145.3380628,-38.0805353],[145.3381139,-38.0802447],[145.3381236,-38.0801895],[145.3381345,-38.0801276],[145.3381511,-38.0800331],[145.3381551,-38.0800103],[145.3382461,-38.0799566],[145.338295,-38.0799278],[145.3384992,-38.0798075],[145.3385074,-38.0797698],[145.3379859,-38.0792142],[145.3379363,-38.0792085],[145.337056,-38.0797242],[145.3370119,-38.07975],[145.3369199,-38.0798039],[145.336961,-38.0798473]]]}},{"type":"Feature","properties":{"id":1462504489,"name":"Unnamed green space","category":"park"},"geometry":{"type":"Polygon","coordinates":[[[145.3403964,-38.1261127],[145.3405028,-38.1261438],[145.3405716,-38.1261617],[145.3406492,-38.1261796],[145.3407517,-38.1262013],[145.3408616,-38.1262205],[145.3409592,-38.1262332],[145.3410641,-38.1262461],[145.3411742,-38.1262539],[145.3412761,-38.1262595],[145.3413644,-38.1262674],[145.3414526,-38.1262785],[145.3415443,-38.1262949],[145.3416264,-38.1263139],[145.34172,-38.1263398],[145.3418183,-38.1263727],[145.3420753,-38.1264757],[145.3424949,-38.1266443],[145.342607,-38.1266885],[145.3427262,-38.1267319],[145.3428503,-38.1267719],[145.3429816,-38.126809],[145.3431081,-38.1268403],[145.3432528,-38.12687],[145.3434322,-38.1268983],[145.343642,-38.1269225],[145.3439637,-38.1270272],[145.3441821,-38.1270517],[145.3444837,-38.1276251],[145.3445726,-38.1271935],[145.3445601,-38.1270272],[145.3445068,-38.1268854],[145.3444576,-38.1267934],[145.3444,-38.126783],[145.3441596,-38.1267121],[145.3437513,-38.1266162],[145.3435849,-38.1265974],[145.3434901,-38.1265855],[145.3433897,-38.1265712],[145.3433016,-38.126554],[145.3432072,-38.126535],[145.3431016,-38.1265086],[145.3430086,-38.126483],[145.3429125,-38.1264526],[145.3427902,-38.1264082],[145.3422234,-38.1261815],[145.3420649,-38.1261178],[145.3419204,-38.1260628],[145.3418256,-38.1260343],[145.3417229,-38.1260059],[145.3416133,-38.125984],[145.3415066,-38.1259658],[145.3413859,-38.1259507],[145.3412619,-38.1259431],[145.3411591,-38.1259365],[145.3410424,-38.125925],[145.3409287,-38.1259091],[145.3408221,-38.1258909],[145.3407359,-38.1258712],[145.3406467,-38.1258496],[145.3405668,-38.1258262],[145.3404884,-38.1258016],[145.3404493,-38.1258172],[145.3404256,-38.1259326],[145.3404127,-38.1260092],[145.3404028,-38.1260658],[145.3403964,-38.1261127]]]}},{"type":"Feature","properties":{"id":1462504491,"name":"Unnamed green space","category":"park"},"geometry":{"type":"Polygon","coordinates":[[[145.345358,-38.1268508],[145.3450898,-38.1269856],[145.3450593,-38.1270092],[145.3450258,-38.1271717],[145.3450032,-38.1272236],[145.3449125,-38.1276644],[145.3449077,-38.1278399],[145.3448443,-38.1281515],[145.3468297,-38.1283891],[145.3469582,-38.127764],[145.34693,-38.1277331],[145.3465124,-38.1276797],[145.3464856,-38.1276733],[145.3464685,-38.1276657],[145.3464501,-38.1276545],[145.3464369,-38.127642],[145.3464263,-38.1276279],[145.3464199,-38.1276137],[145.3464166,-38.127597],[145.3464173,-38.1275793],[145.3465305,-38.127029],[145.3465022,-38.1269981],[145.345358,-38.1268508]]]}},{"type":"Feature","properties":{"id":1462510160,"name":"Unnamed green space","category":"park"},"geometry":{"type":"Polygon","coordinates":[[[145.2927753,-38.1269789],[145.2927086,-38.1272931],[145.2939506,-38.1274569],[145.2939068,-38.127331],[145.293909,-38.1273186],[145.2927813,-38.1271693],[145.2928208,-38.1269829],[145.2928066,-38.1269813],[145.2927923,-38.1269799],[145.2927753,-38.1269789]]]}},{"type":"Feature","properties":{"id":1462510161,"name":"Unnamed green space","category":"park"},"geometry":{"type":"Polygon","coordinates":[[[145.2977536,-38.1280655],[145.2978458,-38.1275607],[145.2973842,-38.1275028],[145.2974124,-38.1275337],[145.2973672,-38.1277562],[145.2970085,-38.1277111],[145.2969625,-38.1279392],[145.2969899,-38.1279697],[145.2977536,-38.1280655]]]}},{"type":"Feature","properties":{"id":1462510162,"name":"Unnamed green space","category":"park"},"geometry":{"type":"Polygon","coordinates":[[[145.2979985,-38.1280688],[145.2980274,-38.1280996],[145.2987478,-38.1281892],[145.2988614,-38.1276205],[145.2981035,-38.1275249],[145.2979985,-38.1280688]]]}},{"type":"Feature","properties":{"id":1462510173,"name":"Unnamed green space","category":"park"},"geometry":{"type":"Polygon","coordinates":[[[145.3261986,-38.1326574],[145.3261325,-38.1329978],[145.3270207,-38.1331053],[145.3270864,-38.1327648],[145.3261986,-38.1326574]]]}},{"type":"Feature","properties":{"id":1462516240,"name":"Unnamed green space","category":"park"},"geometry":{"type":"Polygon","coordinates":[[[145.3260705,-38.1189099],[145.326105,-38.1193237],[145.3261408,-38.1193544],[145.3266524,-38.1194181],[145.3263764,-38.1208171],[145.3262332,-38.1215263],[145.3260695,-38.1222921],[145.3259386,-38.1228928],[145.3258386,-38.1233508],[145.3257943,-38.1235202],[145.3259333,-38.1235386],[145.3259729,-38.1233722],[145.3263818,-38.1214802],[145.3267531,-38.1196096],[145.3266922,-38.1193548],[145.3260705,-38.1189099]]]}},{"type":"Feature","properties":{"id":1462518500,"name":"Unnamed green space","category":"park"},"geometry":{"type":"Polygon","coordinates":[[[145.3308842,-38.1288668],[145.330867,-38.1289525],[145.3310816,-38.1289792],[145.3311715,-38.1289951],[145.332185,-38.1291222],[145.3320806,-38.129638],[145.3322108,-38.1296543],[145.3323145,-38.1291383],[145.3333082,-38.1292629],[145.3333265,-38.1291728],[145.3323324,-38.1290483],[145.3324502,-38.1284335],[145.3323275,-38.1284182],[145.3322036,-38.1290321],[145.3308842,-38.1288668]]]}},{"type":"Feature","properties":{"id":1462518503,"name":"Unnamed green space","category":"park"},"geometry":{"type":"Polygon","coordinates":[[[145.3325068,-38.1274009],[145.3324389,-38.1277388],[145.3325736,-38.1277558],[145.3326412,-38.1274178],[145.3325068,-38.1274009]]]}},{"type":"Feature","properties":{"id":1462518504,"name":"Unnamed green space","category":"park"},"geometry":{"type":"Polygon","coordinates":[[[145.3324215,-38.1278827],[145.3323535,-38.1282209],[145.3324774,-38.1282363],[145.3325455,-38.1278983],[145.3324215,-38.1278827]]]}},{"type":"Feature","properties":{"id":1462518505,"name":"Unnamed green space","category":"park"},"geometry":{"type":"Polygon","coordinates":[[[145.3325899,-38.1268144],[145.3325017,-38.1272541],[145.3326371,-38.1272711],[145.3327255,-38.1268299],[145.3325899,-38.1268144]]]}},{"type":"Feature","properties":{"id":1462518507,"name":"Unnamed green space","category":"park"},"geometry":{"type":"Polygon","coordinates":[[[145.3341486,-38.1280993],[145.3340806,-38.1284372],[145.3342264,-38.1284555],[145.3342944,-38.1281175],[145.3341486,-38.1280993]]]}},{"type":"Feature","properties":{"id":1462523734,"name":"Unnamed green space","category":"park"},"geometry":{"type":"Polygon","coordinates":[[[145.3499252,-38.1296],[145.349866,-38.1298934],[145.3505866,-38.1299844],[145.3506458,-38.1296908],[145.3499252,-38.1296]]]}},{"type":"Feature","properties":{"id":1462523735,"name":"Unnamed green space","category":"park"},"geometry":{"type":"Polygon","coordinates":[[[145.3448443,-38.1281515],[145.3448826,-38.1283546],[145.3449431,-38.1284741],[145.3449886,-38.1285024],[145.3462627,-38.1286631],[145.3463713,-38.128672],[145.3464697,-38.1286738],[145.346564,-38.1286681],[145.3466617,-38.1286562],[145.3467608,-38.1286369],[145.3468435,-38.1286155],[145.3469403,-38.128593],[145.3470368,-38.1285774],[145.3471454,-38.1285672],[145.3472632,-38.1285617],[145.3473654,-38.1285638],[145.3474677,-38.1285743],[145.3517185,-38.1290761],[145.3517671,-38.1290457],[145.3517748,-38.1289975],[145.3517455,-38.1289664],[145.3468297,-38.1283891],[145.3448443,-38.1281515]]]}},{"type":"Feature","properties":{"id":1462523737,"name":"Lilium Estate Reserve","category":"reserve"},"geometry":{"type":"Polygon","coordinates":[[[145.3538517,-38.1292102],[145.3535721,-38.1305988],[145.3594027,-38.1313182],[145.3594553,-38.1310733],[145.3593861,-38.1310457],[145.3593285,-38.131016],[145.3592732,-38.1309761],[145.3592295,-38.1309355],[145.3591962,-38.1308936],[145.3591727,-38.1308544],[145.3591258,-38.130765],[145.359082,-38.130683],[145.3590663,-38.1306561],[145.3590525,-38.1306391],[145.3590252,-38.1306076],[145.358989,-38.1305796],[145.3589488,-38.1305568],[145.3585086,-38.1303484],[145.3584671,-38.1303234],[145.3584249,-38.1302904],[145.3583892,-38.1302562],[145.3583622,-38.130222],[145.3582543,-38.1300846],[145.3582206,-38.1300341],[145.3581986,-38.1299835],[145.35819,-38.1299563],[145.3581844,-38.129929],[145.3581812,-38.129899],[145.3581811,-38.1298715],[145.3581959,-38.1290982],[145.3582184,-38.1279937],[145.3582195,-38.127921],[145.3582145,-38.1278483],[145.3582059,-38.1277764],[145.35819,-38.1277045],[145.3581697,-38.1276361],[145.3581453,-38.1275662],[145.3581046,-38.1274862],[145.3580618,-38.1274136],[145.3580189,-38.1273507],[145.3579504,-38.1272643],[145.3578609,-38.127173],[145.3577396,-38.1270744],[145.3576378,-38.1270087],[145.3574901,-38.126919],[145.3574203,-38.1268788],[145.3573382,-38.1268353],[145.3572376,-38.126792],[145.3571562,-38.1267616],[145.3570659,-38.126733],[145.3569993,-38.1267388],[145.3569504,-38.1267456],[145.3568743,-38.126763],[145.3568131,-38.1267869],[145.3567019,-38.1268455],[145.3566187,-38.1269025],[145.3565633,-38.12698],[145.3565093,-38.1271085],[145.3564969,-38.1271709],[145.3564626,-38.1271988],[145.3563617,-38.1272946],[145.3563028,-38.1273513],[145.3561405,-38.1275447],[145.3559994,-38.1278383],[145.3558952,-38.1279656],[145.3556932,-38.1281103],[145.3553961,-38.1282433],[145.3550847,-38.1282065],[145.3548995,-38.1281196],[145.3547254,-38.1279762],[145.3545068,-38.12772],[145.354454,-38.1276692],[145.3544009,-38.1276322],[145.3543533,-38.127607],[145.3543028,-38.1275844],[145.3542546,-38.1275688],[145.3542009,-38.1275554],[145.354125,-38.127541],[145.3540363,-38.1275287],[145.3539277,-38.1275186],[145.3538279,-38.1275132],[145.3537313,-38.1275132],[145.3536449,-38.1275164],[145.3535378,-38.1275243],[145.3534375,-38.1275373],[145.3533376,-38.1275548],[145.3532605,-38.1275721],[145.3531873,-38.1275906],[145.3531221,-38.1276102],[145.3530358,-38.1276383],[145.3529472,-38.1276727],[145.3528917,-38.1276975],[145.3528361,-38.127724],[145.3527544,-38.1277667],[145.3526932,-38.1278028],[145.352632,-38.1278416],[145.3525627,-38.1278889],[145.3525056,-38.1279408],[145.352432,-38.1280135],[145.3523619,-38.1280927],[145.3523057,-38.1281639],[145.3522539,-38.12824],[145.3522084,-38.1283153],[145.3521682,-38.1283942],[145.3521399,-38.1284571],[145.3521142,-38.128527],[145.3520818,-38.1286346],[145.3520064,-38.128997],[145.3538517,-38.1292102]]]}},{"type":"Feature","properties":{"id":1462539972,"name":"Unnamed green space","category":"park"},"geometry":{"type":"Polygon","coordinates":[[[145.3736865,-38.1386355],[145.3727843,-38.1385169],[145.3724125,-38.137759],[145.3720141,-38.1369508],[145.3719722,-38.1365547],[145.3721176,-38.1358527],[145.3720898,-38.1358217],[145.3716621,-38.1357651],[145.3716096,-38.1357948],[145.3713972,-38.1368173],[145.3722659,-38.1385826],[145.3710521,-38.1384313],[145.3709995,-38.1386759],[145.3710059,-38.1388585],[145.3709636,-38.139088],[145.3710779,-38.1392024],[145.3716904,-38.139279],[145.3718733,-38.1393382],[145.3734945,-38.1395407],[145.3736865,-38.1386355]]]}},{"type":"Feature","properties":{"id":1462539974,"name":"Unnamed green space","category":"park"},"geometry":{"type":"Polygon","coordinates":[[[145.3776486,-38.1313975],[145.3776759,-38.1314372],[145.3777545,-38.131456],[145.3777798,-38.1314482],[145.3778068,-38.1314425],[145.3778358,-38.1314395],[145.3778603,-38.1314387],[145.3778872,-38.1314397],[145.3779157,-38.1314434],[145.3779355,-38.1314471],[145.3779569,-38.1314508],[145.3779792,-38.131452],[145.3780013,-38.1314512],[145.3780257,-38.1314483],[145.3780461,-38.1314436],[145.3780656,-38.1314375],[145.3780848,-38.1314294],[145.3785777,-38.1312156],[145.3786074,-38.1312012],[145.3786355,-38.1311858],[145.3786849,-38.1311535],[145.3787266,-38.1311207],[145.3787657,-38.1310822],[145.3787966,-38.1310441],[145.3788236,-38.1310031],[145.3788452,-38.1309602],[145.378861,-38.1309151],[145.3788721,-38.130869],[145.379196,-38.1293277],[145.3791792,-38.1291882],[145.3789771,-38.1291616],[145.3788579,-38.1297303],[145.3788628,-38.1297311],[145.3786699,-38.1306489],[145.3785464,-38.1308348],[145.3780127,-38.1312397],[145.3776486,-38.1313975]]]}},{"type":"Feature","properties":{"id":1462539986,"name":"Unnamed green space","category":"park"},"geometry":{"type":"Polygon","coordinates":[[[145.3721601,-38.1356479],[145.372834,-38.132394],[145.372463,-38.1323452],[145.3723034,-38.1324347],[145.37166,-38.1355457],[145.3716987,-38.1355874],[145.3721601,-38.1356479]]]}},{"type":"Feature","properties":{"id":1462539988,"name":"Unnamed green space","category":"park"},"geometry":{"type":"Polygon","coordinates":[[[145.3728891,-38.1321729],[145.3731293,-38.1310424],[145.37317,-38.1308509],[145.3741478,-38.1309793],[145.3742633,-38.130432],[145.3727722,-38.130236],[145.3724217,-38.1318626],[145.3723945,-38.1319941],[145.3725109,-38.1321234],[145.3728891,-38.1321729]]]}},{"type":"Feature","properties":{"id":1462556501,"name":"Unnamed green space","category":"park"},"geometry":{"type":"Polygon","coordinates":[[[145.3803734,-38.1280685],[145.3803074,-38.1280333],[145.3802601,-38.1280403],[145.379971,-38.1283774],[145.3799802,-38.1284153],[145.3800464,-38.1284504],[145.3803734,-38.1280685]]]}},{"type":"Feature","properties":{"id":1462556502,"name":"Unnamed green space","category":"park"},"geometry":{"type":"Polygon","coordinates":[[[145.3799439,-38.1285697],[145.3798779,-38.1285346],[145.3798303,-38.1285418],[145.3794459,-38.1289908],[145.379475,-38.1290445],[145.3797777,-38.1290843],[145.3798676,-38.1286592],[145.3799439,-38.1285697]]]}},{"type":"Feature","properties":{"id":1462567214,"name":"Unnamed green space","category":"park"},"geometry":{"type":"Polygon","coordinates":[[[145.3581236,-38.1107827],[145.3581003,-38.1109066],[145.358129,-38.1109376],[145.3593568,-38.1110892],[145.3638469,-38.1116437],[145.3640107,-38.1108146],[145.3640115,-38.1107952],[145.36401,-38.1107772],[145.3640061,-38.1107574],[145.3639981,-38.110738],[145.363987,-38.1107181],[145.3639765,-38.1107046],[145.3639638,-38.1106878],[145.3639559,-38.1106741],[145.3639483,-38.1106581],[145.3639413,-38.1106378],[145.3639378,-38.1106202],[145.3639366,-38.1105996],[145.3639376,-38.1105806],[145.3639407,-38.1105628],[145.3639464,-38.1105415],[145.3639542,-38.1105253],[145.3639638,-38.1105085],[145.3639777,-38.1104891],[145.3639887,-38.1104772],[145.3640029,-38.1104647],[145.3640172,-38.1104534],[145.3640364,-38.1104409],[145.3640531,-38.1104296],[145.3640731,-38.110413],[145.3640888,-38.110396],[145.3641,-38.1103798],[145.3641122,-38.1103557],[145.3641716,-38.1101976],[145.3641479,-38.1101678],[145.3641252,-38.1101652],[145.3633505,-38.1100696],[145.3631288,-38.1111902],[145.3583878,-38.1106048],[145.3582358,-38.1106747],[145.3581236,-38.1107827]]]}},{"type":"Feature","properties":{"id":1462586016,"name":"Unnamed green space","category":"park"},"geometry":{"type":"Polygon","coordinates":[[[145.3727163,-38.1015264],[145.3726773,-38.1015493],[145.3725576,-38.1021474],[145.3725858,-38.1021783],[145.3740464,-38.1023614],[145.3740854,-38.1023389],[145.3742075,-38.1017299],[145.3741786,-38.1016991],[145.3727163,-38.1015264]]]}},{"type":"Feature","properties":{"id":1462586033,"name":"Unnamed green space","category":"park"},"geometry":{"type":"Polygon","coordinates":[[[145.3796671,-38.0966551],[145.3795077,-38.097449],[145.379536,-38.0974802],[145.3808118,-38.0976399],[145.3808511,-38.0976176],[145.3810285,-38.0967327],[145.3796671,-38.0966551]]]}},{"type":"Feature","properties":{"id":1462600345,"name":"Unnamed green space","category":"park"},"geometry":{"type":"Polygon","coordinates":[[[145.3776095,-38.095326],[145.3774677,-38.0953877],[145.3773251,-38.095779],[145.3773033,-38.0958488],[145.377287,-38.0959236],[145.3772781,-38.0960147],[145.3772849,-38.0961251],[145.3772964,-38.0962019],[145.3773247,-38.0963075],[145.3773489,-38.0963897],[145.3773837,-38.0964769],[145.3774332,-38.0965843],[145.3774881,-38.0966858],[145.3775281,-38.0967464],[145.3775964,-38.0968438],[145.3781329,-38.0975476],[145.3782332,-38.0976793],[145.3782878,-38.0977584],[145.3783479,-38.0978669],[145.3784389,-38.0974243],[145.3777795,-38.0965339],[145.3777334,-38.0964513],[145.3777039,-38.0963781],[145.3776686,-38.0962828],[145.3776474,-38.0962025],[145.3776315,-38.0961379],[145.3776238,-38.0960767],[145.3776209,-38.0960114],[145.3776245,-38.0959556],[145.3776348,-38.0959124],[145.3776543,-38.0958542],[145.3776781,-38.0957885],[145.377828,-38.0953759],[145.3776095,-38.095326]]]}},{"type":"Feature","properties":{"id":1462600346,"name":"Unnamed green space","category":"park"},"geometry":{"type":"Polygon","coordinates":[[[145.3786482,-38.0975386],[145.3785349,-38.0980986],[145.3785566,-38.0981101],[145.3787569,-38.0980876],[145.3788199,-38.098083],[145.3789004,-38.0980805],[145.3788623,-38.097952],[145.3788246,-38.0978559],[145.3787808,-38.0977603],[145.3787395,-38.097684],[145.3786881,-38.0975977],[145.3786482,-38.0975386]]]}},{"type":"Feature","properties":{"id":1462600347,"name":"Unnamed green space","category":"park"},"geometry":{"type":"Polygon","coordinates":[[[145.3783479,-38.0978669],[145.3784823,-38.0980721],[145.3785349,-38.0980986],[145.3786482,-38.0975386],[145.3784389,-38.0974243],[145.3783479,-38.0978669]]]}},{"type":"Feature","properties":{"id":1462600366,"name":"Unnamed green space","category":"park"},"geometry":{"type":"Polygon","coordinates":[[[145.3606188,-38.093557],[145.3611102,-38.0935455],[145.3614892,-38.0935638],[145.361629,-38.0935811],[145.361555,-38.0939605],[145.3616651,-38.0940374],[145.36167,-38.0940283],[145.3616793,-38.0940165],[145.3616869,-38.0940075],[145.3617044,-38.093992],[145.3617254,-38.093978],[145.361747,-38.0939669],[145.3617696,-38.0939583],[145.3617863,-38.0939545],[145.3617255,-38.0939119],[145.3617863,-38.0936005],[145.3629054,-38.0937369],[145.363702,-38.0937689],[145.3643574,-38.0938273],[145.3644401,-38.093419],[145.3638386,-38.0933463],[145.3637724,-38.0932748],[145.3627552,-38.0931503],[145.3624555,-38.0931458],[145.3612608,-38.0930154],[145.3607229,-38.0931171],[145.3606595,-38.0931741],[145.3606245,-38.0933659],[145.3606317,-38.0934912],[145.3606188,-38.093557]]]}},{"type":"Feature","properties":{"id":1462600367,"name":"Unnamed green space","category":"park"},"geometry":{"type":"Polygon","coordinates":[[[145.3645806,-38.0938551],[145.3653467,-38.0939495],[145.3654244,-38.0939753],[145.3659565,-38.0942833],[145.3677857,-38.0944982],[145.3679265,-38.0937784],[145.3662624,-38.0935731],[145.3661649,-38.0936299],[145.3646667,-38.0934473],[145.3645806,-38.0938551]]]}},{"type":"Feature","properties":{"id":1462600375,"name":"Unnamed green space","category":"park"},"geometry":{"type":"Polygon","coordinates":[[[145.3604531,-38.0970277],[145.3604589,-38.0971173],[145.3607166,-38.0971028],[145.3607084,-38.0970132],[145.3604531,-38.0970277]]]}},{"type":"Feature","properties":{"id":1462600376,"name":"Unnamed green space","category":"park"},"geometry":{"type":"Polygon","coordinates":[[[145.3607997,-38.0970081],[145.3608078,-38.0970981],[145.3611016,-38.0970813],[145.3610938,-38.0969913],[145.3607997,-38.0970081]]]}},{"type":"Feature","properties":{"id":1462600382,"name":"Unnamed green space","category":"park"},"geometry":{"type":"Polygon","coordinates":[[[145.3581752,-38.0982106],[145.3597892,-38.0998621],[145.3604138,-38.0999242],[145.3604013,-38.099787],[145.3602568,-38.099336],[145.3601371,-38.0989291],[145.3600753,-38.0986779],[145.3600182,-38.0984279],[145.3590075,-38.0983086],[145.3581752,-38.0982106]]]}},{"type":"Feature","properties":{"id":1462609620,"name":"Unnamed green space","category":"park"},"geometry":{"type":"Polygon","coordinates":[[[145.3456682,-38.0939076],[145.345651,-38.0939424],[145.345982,-38.0945372],[145.3468461,-38.0946471],[145.347045,-38.0936698],[145.3470165,-38.0936389],[145.3468569,-38.0936184],[145.3468094,-38.0936136],[145.34677,-38.0936111],[145.3467258,-38.0936103],[145.3466775,-38.0936106],[145.3466505,-38.0936117],[145.3465843,-38.0936173],[145.3465354,-38.0936242],[145.3464811,-38.0936341],[145.3464276,-38.0936465],[145.346374,-38.0936623],[145.346322,-38.0936799],[145.3456682,-38.0939076]]]}},{"type":"Feature","properties":{"id":1462609621,"name":"Unnamed green space","category":"park"},"geometry":{"type":"Polygon","coordinates":[[[145.3604666,-38.1012753],[145.3603569,-38.1015518],[145.3640615,-38.1055194],[145.3640252,-38.1055405],[145.3642889,-38.1058211],[145.3642551,-38.1060089],[145.3643579,-38.1060201],[145.364382,-38.1060202],[145.3644094,-38.1060159],[145.3644296,-38.1060083],[145.3644496,-38.1059951],[145.3644922,-38.1059738],[145.3646778,-38.1058765],[145.3645481,-38.1057201],[145.3643773,-38.105534],[145.3637404,-38.1048533],[145.3630567,-38.1041225],[145.3626528,-38.1036639],[145.3625098,-38.103551],[145.3624176,-38.1034362],[145.3623464,-38.1032862],[145.3617936,-38.1026909],[145.3604666,-38.1012753]]]}},{"type":"Feature","properties":{"id":1462609624,"name":"Unnamed green space","category":"park"},"geometry":{"type":"Polygon","coordinates":[[[145.3644793,-38.1068727],[145.3644344,-38.1071224],[145.3644572,-38.1071249],[145.3644058,-38.1074088],[145.3644592,-38.1074126],[145.3645068,-38.1074146],[145.3645539,-38.1074155],[145.364611,-38.1074154],[145.3646815,-38.1074134],[145.365133,-38.1073023],[145.365287,-38.1072413],[145.3653582,-38.1071512],[145.3653604,-38.1071039],[145.3652699,-38.1069627],[145.365201,-38.1068946],[145.3651079,-38.1067558],[145.3650473,-38.1067426],[145.3648148,-38.1068524],[145.3647824,-38.1068661],[145.3647564,-38.1068745],[145.3647292,-38.1068814],[145.3646968,-38.1068872],[145.3646675,-38.1068896],[145.3646418,-38.1068896],[145.3646257,-38.1068889],[145.3644793,-38.1068727]]]}},{"type":"Feature","properties":{"id":1462609626,"name":"Unnamed green space","category":"park"},"geometry":{"type":"Polygon","coordinates":[[[145.3582377,-38.1062518],[145.3581956,-38.1064776],[145.3579147,-38.1064745],[145.3578822,-38.1066504],[145.3579017,-38.1066525],[145.3578938,-38.1066949],[145.3579183,-38.1066904],[145.3579446,-38.1066816],[145.3579652,-38.1066701],[145.357984,-38.1066533],[145.3580091,-38.1066284],[145.3580293,-38.1066113],[145.3580567,-38.1066019],[145.3580995,-38.1065929],[145.3581467,-38.1065941],[145.3581786,-38.1066052],[145.3582081,-38.1066265],[145.3582299,-38.1066542],[145.3582361,-38.1066959],[145.3582294,-38.1067274],[145.358208,-38.1067575],[145.3581833,-38.1067794],[145.3581565,-38.1067983],[145.3581286,-38.1068102],[145.3581541,-38.1068131],[145.3583288,-38.1068179],[145.3585249,-38.1068398],[145.3586538,-38.1067628],[145.3587462,-38.1062476],[145.3587171,-38.106217],[145.3584679,-38.106189],[145.3584287,-38.1062121],[145.3584274,-38.106221],[145.3582377,-38.1062518]]]}},{"type":"Feature","properties":{"id":1462614136,"name":"Unnamed green space","category":"park"},"geometry":{"type":"Polygon","coordinates":[[[145.3378177,-38.1007149],[145.3378164,-38.1007235],[145.3384558,-38.1007879],[145.3395731,-38.1009015],[145.3398922,-38.0988944],[145.3398622,-38.0988642],[145.3381418,-38.0986916],[145.3378177,-38.1007149]]]}},{"type":"Feature","properties":{"id":1462619544,"name":"Unnamed green space","category":"park"},"geometry":{"type":"Polygon","coordinates":[[[145.3354182,-38.1131744],[145.3353791,-38.1131965],[145.3352736,-38.1136946],[145.3353022,-38.1137258],[145.3361793,-38.1138413],[145.3362954,-38.1132901],[145.3354182,-38.1131744]]]}},{"type":"Feature","properties":{"id":1462619545,"name":"Unnamed green space","category":"park"},"geometry":{"type":"Polygon","coordinates":[[[145.3411218,-38.1064386],[145.3414354,-38.1065775],[145.3417839,-38.1067649],[145.3420482,-38.1069926],[145.3421536,-38.1063961],[145.342159,-38.1063605],[145.3421576,-38.1063281],[145.3421495,-38.106289],[145.3421285,-38.1062419],[145.3421093,-38.1062092],[145.3420807,-38.1061786],[145.3420516,-38.106154],[145.3419985,-38.1061237],[145.3419274,-38.1060936],[145.3418541,-38.1060651],[145.3417785,-38.1060362],[145.3416842,-38.1060077],[145.3415916,-38.105981],[145.3415148,-38.1059592],[145.3413835,-38.1059305],[145.3413487,-38.1059502],[145.3413353,-38.1060097],[145.3413133,-38.1060758],[145.341292,-38.1061286],[145.3411218,-38.1064386]]]}},{"type":"Feature","properties":{"id":1462619546,"name":"Unnamed green space","category":"park"},"geometry":{"type":"Polygon","coordinates":[[[145.3458783,-38.1206274],[145.3459879,-38.1202569],[145.3459963,-38.1202142],[145.3436967,-38.1199256],[145.3435596,-38.1199096],[145.3434825,-38.1198964],[145.3434237,-38.1198808],[145.3433646,-38.1198584],[145.3433101,-38.1198327],[145.3432537,-38.1197954],[145.3432148,-38.119765],[145.3431784,-38.119729],[145.3431534,-38.1197],[145.3431262,-38.1196622],[145.3431069,-38.1196257],[145.3430892,-38.1195881],[145.3430768,-38.1195473],[145.3430709,-38.1195157],[145.3430691,-38.1194786],[145.3430685,-38.1194443],[145.3430756,-38.1193919],[145.3432579,-38.1182851],[145.3432837,-38.1181265],[145.3433461,-38.1178749],[145.3441446,-38.1179748],[145.3441665,-38.1179506],[145.3443369,-38.1170985],[145.3443091,-38.117068],[145.3435733,-38.1169658],[145.3434564,-38.1169434],[145.3432992,-38.1169096],[145.3431304,-38.1168688],[145.3429816,-38.1168658],[145.3428692,-38.116993],[145.3426597,-38.1178315],[145.3426258,-38.1179543],[145.3425837,-38.1180561],[145.3425231,-38.118162],[145.3424584,-38.1182565],[145.3423788,-38.1183388],[145.3422995,-38.1184104],[145.3422286,-38.1184661],[145.3421477,-38.1185194],[145.3411277,-38.1191354],[145.3410401,-38.1191882],[145.3409757,-38.1192367],[145.3409113,-38.1192888],[145.3408473,-38.1193524],[145.3407921,-38.1194222],[145.3407469,-38.1194834],[145.3407111,-38.1195557],[145.3406792,-38.119634],[145.3406559,-38.1197057],[145.3405909,-38.1200523],[145.3406812,-38.1201543],[145.3410088,-38.1202555],[145.3443025,-38.1206395],[145.344615,-38.1206353],[145.3454693,-38.1207334],[145.3458166,-38.1206796],[145.3458783,-38.1206274]]]}},{"type":"Feature","properties":{"id":1462641115,"name":"Unnamed green space","category":"park"},"geometry":{"type":"Polygon","coordinates":[[[145.351015,-38.0836488],[145.3513192,-38.082118],[145.3514095,-38.0816723],[145.3513679,-38.081631],[145.3511734,-38.0816154],[145.3510039,-38.0816145],[145.3506631,-38.0816238],[145.3504624,-38.0816226],[145.3502524,-38.0816153],[145.3500159,-38.0815921],[145.3470903,-38.0812477],[145.3467344,-38.0831451],[145.351015,-38.0836488]]]}},{"type":"Feature","properties":{"id":1462641124,"name":"Unnamed green space","category":"park"},"geometry":{"type":"Polygon","coordinates":[[[145.3558029,-38.0904387],[145.356813,-38.0905594],[145.3569298,-38.0905659],[145.3570602,-38.0905659],[145.357177,-38.0905595],[145.3573164,-38.0905453],[145.35743,-38.0905252],[145.3574481,-38.090522],[145.3575686,-38.0904909],[145.3576972,-38.0904539],[145.3578055,-38.0904115],[145.3593897,-38.0897425],[145.3605054,-38.0898748],[145.3605479,-38.0898792],[145.3605962,-38.0898815],[145.3606411,-38.0898796],[145.3607006,-38.0898731],[145.3608039,-38.0898573],[145.3610207,-38.0888023],[145.3610187,-38.0887933],[145.3610104,-38.0887823],[145.3609944,-38.0887717],[145.3609668,-38.0887606],[145.3604977,-38.0886813],[145.3604325,-38.0886903],[145.3579628,-38.0897312],[145.3578756,-38.0897686],[145.3577495,-38.0898066],[145.3576405,-38.0898298],[145.3575222,-38.0898433],[145.3574101,-38.089847],[145.3572833,-38.0898427],[145.3564864,-38.0897428],[145.3564433,-38.0897358],[145.3563926,-38.0897233],[145.3563501,-38.0897084],[145.3563041,-38.0896903],[145.3562587,-38.0896666],[145.356205,-38.0896337],[145.3559797,-38.0894559],[145.3559366,-38.089424],[145.3558944,-38.0893993],[145.3558509,-38.0893778],[145.3558011,-38.0893594],[145.3557501,-38.0893392],[145.3557123,-38.0893196],[145.3556878,-38.0893037],[145.3556559,-38.0892813],[145.3556302,-38.0892611],[145.3556026,-38.0892317],[145.355582,-38.089209],[145.3553572,-38.0888969],[145.35531,-38.0888874],[145.3540553,-38.0894556],[145.3539856,-38.0894764],[145.35396,-38.0895131],[145.3539687,-38.0895488],[145.3539723,-38.0895743],[145.3539771,-38.0896078],[145.3539815,-38.0896357],[145.3539827,-38.0896739],[145.3539854,-38.0897162],[145.3539815,-38.0897916],[145.3539757,-38.0898437],[145.3539096,-38.0901852],[145.3539386,-38.0902162],[145.3558029,-38.0904387]]]}},{"type":"Feature","properties":{"id":1462641129,"name":"Unnamed green space","category":"park"},"geometry":{"type":"Polygon","coordinates":[[[145.3490435,-38.085987],[145.3494659,-38.0864369],[145.3493056,-38.0872494],[145.3493007,-38.0872847],[145.3492989,-38.0873111],[145.3493016,-38.0873403],[145.3493074,-38.0873656],[145.3493163,-38.087398],[145.3493288,-38.0874268],[145.3493458,-38.087456],[145.3493682,-38.0874877],[145.3494337,-38.0875588],[145.3495626,-38.0876968],[145.3513471,-38.0896073],[145.3513946,-38.0896462],[145.3514337,-38.0896717],[145.3514758,-38.0896956],[145.3515281,-38.0897202],[145.3515738,-38.0897348],[145.3516252,-38.0897489],[145.3516735,-38.0897582],[145.3517371,-38.0897659],[145.3529825,-38.0899161],[145.352832,-38.0906905],[145.3528194,-38.0907482],[145.3528038,-38.0908031],[145.3527467,-38.0909677],[145.3527164,-38.0910578],[145.3526918,-38.0911447],[145.35262,-38.0915082],[145.3531927,-38.0915778],[145.3533254,-38.0915041],[145.3533653,-38.0913052],[145.3533843,-38.09123],[145.3534053,-38.0911447],[145.3534514,-38.0910165],[145.3534814,-38.0909026],[145.3536955,-38.0897905],[145.3536983,-38.0896832],[145.3536832,-38.0895657],[145.3536563,-38.089477],[145.3536227,-38.0894052],[145.353559,-38.0893018],[145.3534738,-38.0891951],[145.3525966,-38.0882587],[145.3525059,-38.0881596],[145.3524612,-38.0881013],[145.3523607,-38.0879363],[145.3523209,-38.0879265],[145.3512262,-38.0885676],[145.3505408,-38.087832],[145.3505147,-38.087798],[145.3504968,-38.0877702],[145.3504843,-38.087745],[145.3504709,-38.0877151],[145.3504628,-38.0876908],[145.350457,-38.087662],[145.3504503,-38.0876257],[145.3504475,-38.0875919],[145.3504488,-38.0875574],[145.3504546,-38.087518],[145.3507,-38.0862724],[145.3507059,-38.0862153],[145.350707,-38.0861698],[145.3507035,-38.0861308],[145.3506994,-38.086095],[145.3506895,-38.0860453],[145.3506753,-38.0859979],[145.3506547,-38.0859459],[145.3506323,-38.0858977],[145.3506075,-38.0858587],[145.3505769,-38.0858139],[145.3505483,-38.0857784],[145.35051,-38.0857366],[145.3504772,-38.0857025],[145.3496487,-38.0848152],[145.3496086,-38.0847794],[145.3495714,-38.0847554],[145.3495405,-38.0847394],[145.3495097,-38.0847256],[145.3494711,-38.0847133],[145.3494355,-38.0847045],[145.3493928,-38.0846995],[145.3472255,-38.0844455],[145.3470368,-38.0845218],[145.347015,-38.0845319],[145.3470037,-38.084542],[145.3469909,-38.0845545],[145.3469827,-38.0845683],[145.3468619,-38.0851788],[145.3468903,-38.0852101],[145.3483029,-38.0853658],[145.3483507,-38.0853747],[145.348399,-38.085388],[145.3484477,-38.085405],[145.348497,-38.0854292],[145.3485366,-38.0854555],[145.3485792,-38.085491],[145.3490435,-38.085987]]]}},{"type":"Feature","properties":{"id":1462641131,"name":"Unnamed green space","category":"park"},"geometry":{"type":"Polygon","coordinates":[[[145.3434877,-38.0831828],[145.3461195,-38.0860008],[145.3463572,-38.0862565],[145.3464079,-38.0859954],[145.3466833,-38.0846306],[145.3466835,-38.0845988],[145.3466755,-38.0845749],[145.3466666,-38.0845527],[145.34665,-38.0845326],[145.3466317,-38.0845165],[145.3466017,-38.0844939],[145.3465682,-38.0844728],[145.3465056,-38.0844387],[145.3464694,-38.0844222],[145.3464404,-38.0844116],[145.3464028,-38.0844039],[145.3460054,-38.0843553],[145.3454455,-38.0837559],[145.3455026,-38.0834508],[145.3454643,-38.0834097],[145.3434877,-38.0831828]]]}},{"type":"Feature","properties":{"id":1462641134,"name":"Unnamed green space","category":"park"},"geometry":{"type":"Polygon","coordinates":[[[145.3614107,-38.089587],[145.3615464,-38.0896036],[145.3630006,-38.0897836],[145.3630597,-38.0897857],[145.3631236,-38.0897794],[145.3631741,-38.0897681],[145.3632161,-38.0897541],[145.3632523,-38.0897372],[145.3651034,-38.0886672],[145.3647179,-38.0882535],[145.3646702,-38.0882478],[145.3637486,-38.0887808],[145.3618274,-38.0885436],[145.3617579,-38.0885402],[145.3617098,-38.0885399],[145.3616617,-38.0885442],[145.3616349,-38.0885479],[145.3615709,-38.0885999],[145.361419,-38.0893499],[145.3614107,-38.089587]]]}},{"type":"Feature","properties":{"id":1462662633,"name":"Unnamed green space","category":"park"},"geometry":{"type":"Polygon","coordinates":[[[145.3466486,-38.0862593],[145.3476453,-38.0873269],[145.3484166,-38.0881532],[145.3486092,-38.0880401],[145.3474177,-38.0867643],[145.346853,-38.0861597],[145.3468966,-38.0859392],[145.346868,-38.0859089],[145.3467553,-38.0858964],[145.3467161,-38.0859192],[145.3466486,-38.0862593]]]}},{"type":"Feature","properties":{"id":1462662634,"name":"Unnamed green space","category":"park"},"geometry":{"type":"Polygon","coordinates":[[[145.3487373,-38.0881773],[145.3485444,-38.08829],[145.3514227,-38.0913726],[145.3515237,-38.0913743],[145.3517495,-38.0914026],[145.3505787,-38.090149],[145.3487373,-38.0881773]]]}},{"type":"Feature","properties":{"id":1462665578,"name":"Unnamed green space","category":"park"},"geometry":{"type":"Polygon","coordinates":[[[145.3461195,-38.0860008],[145.3434877,-38.0831828],[145.3380919,-38.0825463],[145.3379618,-38.0825714],[145.3379045,-38.0826506],[145.3377496,-38.083683],[145.3377998,-38.0837331],[145.3378209,-38.0837351],[145.3398837,-38.0839284],[145.3399238,-38.0839685],[145.3398271,-38.0846127],[145.3398669,-38.0846526],[145.3403253,-38.0846956],[145.3403652,-38.0847355],[145.3402681,-38.0853798],[145.3403089,-38.0854198],[145.3423257,-38.0856088],[145.3439469,-38.0857962],[145.3439551,-38.0857502],[145.3461195,-38.0860008]]]}},{"type":"Feature","properties":{"id":1462665579,"name":"Unnamed green space","category":"park"},"geometry":{"type":"Polygon","coordinates":[[[145.3337437,-38.0852128],[145.3347686,-38.0853087],[145.3348114,-38.0850226],[145.3346762,-38.0850099],[145.3346363,-38.0849699],[145.3348418,-38.083601],[145.3357136,-38.0836825],[145.3357364,-38.0835303],[145.3357747,-38.0835067],[145.337409,-38.08366],[145.3375356,-38.083581],[145.3376825,-38.0826007],[145.3376779,-38.0825795],[145.3376525,-38.0825565],[145.3373852,-38.0825277],[145.3360013,-38.0826929],[145.3358664,-38.0827025],[145.3357397,-38.0827068],[145.3356041,-38.0827025],[145.3354862,-38.082695],[145.3352246,-38.0826652],[145.3348339,-38.0826844],[145.3345404,-38.082649],[145.334249,-38.0827251],[145.3341357,-38.0833462],[145.3340338,-38.0836069],[145.3337437,-38.0852128]]]}},{"type":"Feature","properties":{"id":1462665583,"name":"Unnamed green space","category":"park"},"geometry":{"type":"Polygon","coordinates":[[[145.3346229,-38.081434],[145.3344827,-38.0814182],[145.3343936,-38.0819484],[145.3344826,-38.082286],[145.3352273,-38.0823844],[145.3353775,-38.0823997],[145.3355324,-38.0824187],[145.3356601,-38.0824242],[145.3357706,-38.0824267],[145.3358951,-38.0824224],[145.335987,-38.0824126],[145.3365569,-38.0823463],[145.3370154,-38.0822905],[145.3371155,-38.0822772],[145.3372353,-38.0822666],[145.3374179,-38.082258],[145.337569,-38.0822622],[145.3376802,-38.082243],[145.337737,-38.0822022],[145.337769,-38.0821467],[145.3377775,-38.0820968],[145.3345718,-38.08172],[145.3346229,-38.081434]]]}},{"type":"Feature","properties":{"id":1462665584,"name":"Unnamed green space","category":"park"},"geometry":{"type":"Polygon","coordinates":[[[145.3385676,-38.0814891],[145.3381617,-38.0814409],[145.3381231,-38.0814637],[145.3379896,-38.0822011],[145.3380019,-38.0822482],[145.338105,-38.0823045],[145.3381664,-38.0823267],[145.341321,-38.0826979],[145.3413597,-38.0826752],[145.3413825,-38.0825491],[145.3413535,-38.0825188],[145.3384434,-38.0821757],[145.3385676,-38.0814891]]]}},{"type":"Feature","properties":{"id":1465779751,"name":"Bandicoot Park","category":"park"},"geometry":{"type":"Polygon","coordinates":[[[145.2891498,-38.1407388],[145.2891932,-38.1407123],[145.2893334,-38.1399785],[145.2890095,-38.1399386],[145.2889397,-38.1399246],[145.2888549,-38.1398856],[145.2888128,-38.1398587],[145.2887716,-38.1398242],[145.2887634,-38.1398085],[145.2885789,-38.1397861],[145.2885447,-38.1398596],[145.2885005,-38.1399286],[145.2884444,-38.1399925],[145.2883762,-38.1400599],[145.288074,-38.1403163],[145.2880118,-38.1403865],[145.2879696,-38.1404531],[145.2879549,-38.1404983],[145.2879541,-38.1405256],[145.2879649,-38.1405432],[145.2880026,-38.1405881],[145.2880424,-38.1406051],[145.2880947,-38.1406147],[145.2891498,-38.1407388]]]}},{"type":"Feature","properties":{"id":1465779752,"name":"The Arcade Reserve","category":"reserve"},"geometry":{"type":"Polygon","coordinates":[[[145.293803,-38.1320877],[145.294845,-38.1329168],[145.2949208,-38.1329271],[145.2950022,-38.1328833],[145.295044,-38.1326685],[145.2940817,-38.1319067],[145.2939847,-38.131907],[145.293802,-38.1320466],[145.293803,-38.1320877]]]}},{"type":"Feature","properties":{"id":1475183132,"name":"Unnamed green space","category":"park"},"geometry":{"type":"Polygon","coordinates":[[[145.2802064,-38.1439946],[145.2798981,-38.1440363],[145.2797991,-38.1440382],[145.2793479,-38.1439867],[145.279122,-38.1439594],[145.279022,-38.1444877],[145.2800909,-38.1446023],[145.2802064,-38.1439946]]]}},{"type":"Feature","properties":{"id":1475457264,"name":"Unnamed green space","category":"park"},"geometry":{"type":"Polygon","coordinates":[[[145.3707616,-38.0909416],[145.3709956,-38.0898801],[145.3710643,-38.0894684],[145.3710349,-38.0894375],[145.370313,-38.0893473],[145.3702738,-38.0893698],[145.3699793,-38.090844],[145.3707616,-38.0909416]]]}},{"type":"Feature","properties":{"id":1485782036,"name":"Unnamed green space","category":"park"},"geometry":{"type":"Polygon","coordinates":[[[145.3659697,-38.0798645],[145.3657702,-38.0808577],[145.3656946,-38.0812354],[145.3657849,-38.0813703],[145.3658332,-38.0814028],[145.3659873,-38.0814425],[145.3662734,-38.0813716],[145.36611,-38.0811438],[145.3661084,-38.0809],[145.3661867,-38.0805086],[145.3664266,-38.0805384],[145.36643,-38.080534],[145.366408,-38.0805115],[145.3663844,-38.0804847],[145.366364,-38.0804577],[145.3663478,-38.0804306],[145.3663309,-38.0804007],[145.3663182,-38.0803708],[145.3663064,-38.0803402],[145.3662988,-38.0803099],[145.3662932,-38.0802797],[145.3662897,-38.0802491],[145.3662887,-38.0802104],[145.3662842,-38.0801755],[145.3662765,-38.0801466],[145.3662652,-38.0801188],[145.36625,-38.0800907],[145.3662309,-38.0800619],[145.3662165,-38.0800443],[145.3661962,-38.0800225],[145.3661709,-38.0800007],[145.3661436,-38.0799807],[145.3659697,-38.0798645]]]}},{"type":"Feature","properties":{"id":1485782037,"name":"Revelwood Reserve","category":"reserve"},"geometry":{"type":"Polygon","coordinates":[[[145.3665609,-38.0793879],[145.366402,-38.0797034],[145.3663155,-38.0799392],[145.366349,-38.0799741],[145.366379,-38.0800109],[145.3664024,-38.0800501],[145.3664212,-38.0800901],[145.3664343,-38.0801279],[145.3664439,-38.0801684],[145.3664488,-38.0802094],[145.3664513,-38.0802532],[145.3664568,-38.0802947],[145.3664678,-38.0803308],[145.3664859,-38.0803679],[145.3665085,-38.0804025],[145.3665345,-38.0804342],[145.3665653,-38.080465],[145.3665949,-38.0804889],[145.3666286,-38.080512],[145.3666741,-38.0805351],[145.3667286,-38.0805567],[145.3667729,-38.0805698],[145.3668325,-38.0805802],[145.3671822,-38.0806242],[145.3672343,-38.0805941],[145.3674467,-38.0795354],[145.3674087,-38.0794942],[145.3665609,-38.0793879]]]}},{"type":"Feature","properties":{"id":1485782040,"name":"Mick Morland Reserve","category":"reserve"},"geometry":{"type":"Polygon","coordinates":[[[145.3751594,-38.0813543],[145.3751351,-38.0815634],[145.3751056,-38.0818205],[145.375082,-38.0820233],[145.3750735,-38.0820983],[145.3750463,-38.0822336],[145.3750351,-38.0822896],[145.3785072,-38.0827242],[145.3784876,-38.0824495],[145.3784887,-38.0823291],[145.3777632,-38.0811653],[145.3769755,-38.0805216],[145.3762271,-38.0805197],[145.3754684,-38.080404],[145.3752269,-38.0812692],[145.3752155,-38.0813614],[145.3751594,-38.0813543]]]}},{"type":"Feature","properties":{"id":1485782041,"name":"Unnamed green space","category":"park"},"geometry":{"type":"Polygon","coordinates":[[[145.3805418,-38.085084],[145.3804577,-38.0850224],[145.3803903,-38.0849892],[145.3803655,-38.0849347],[145.3803691,-38.0848643],[145.3803869,-38.0848131],[145.3804238,-38.0847635],[145.3804727,-38.0847325],[145.3805039,-38.0847083],[145.3805563,-38.0846046],[145.3805611,-38.0845771],[145.3805586,-38.0845431],[145.3805596,-38.0844893],[145.3805528,-38.0844595],[145.3805225,-38.084408],[145.3804781,-38.0843463],[145.3804433,-38.084312],[145.3804125,-38.0842888],[145.3803804,-38.0842766],[145.3803043,-38.0842586],[145.3801955,-38.0842215],[145.3801342,-38.0841888],[145.380082,-38.0841483],[145.3800522,-38.0840955],[145.3800491,-38.0840569],[145.3800546,-38.0840253],[145.3800914,-38.083966],[145.3801329,-38.0839349],[145.3803702,-38.0838499],[145.3804544,-38.0838059],[145.3805231,-38.0837651],[145.380531,-38.0837489],[145.3805307,-38.0836911],[145.3804901,-38.0836218],[145.3804379,-38.0834923],[145.3804061,-38.0833181],[145.380355,-38.0831829],[145.3803542,-38.0831132],[145.3803703,-38.083051],[145.3804229,-38.082963],[145.3804238,-38.0829291],[145.380414,-38.0828827],[145.3803964,-38.0828513],[145.3803632,-38.0828269],[145.3802655,-38.0827742],[145.3801967,-38.0827262],[145.3801305,-38.0826954],[145.380028,-38.0826807],[145.3799446,-38.0826557],[145.379916,-38.0826326],[145.3798957,-38.0826155],[145.379883,-38.0825425],[145.3799007,-38.0824856],[145.3799585,-38.0824194],[145.380062,-38.0823901],[145.380437,-38.0823269],[145.3804817,-38.0823101],[145.3804856,-38.0823028],[145.380479,-38.0822755],[145.380476,-38.0822723],[145.3804584,-38.0822658],[145.3802929,-38.0822304],[145.3802235,-38.0822],[145.3801534,-38.0821541],[145.380129,-38.0820931],[145.3801266,-38.0817743],[145.3801327,-38.0817071],[145.3801734,-38.0816591],[145.3802371,-38.081634],[145.3803047,-38.0816309],[145.3803527,-38.0816249],[145.3803521,-38.0816202],[145.3803551,-38.0816044],[145.3803456,-38.081577],[145.3802664,-38.0814587],[145.3801924,-38.081398],[145.3801831,-38.0813903],[145.3798866,-38.0812049],[145.3798218,-38.0811156],[145.3797812,-38.081029],[145.37977,-38.0809566],[145.379749,-38.0809123],[145.3796972,-38.0808837],[145.3796305,-38.080856],[145.3795768,-38.0808496],[145.3795148,-38.0808627],[145.3793969,-38.0809005],[145.3791629,-38.0809625],[145.3790757,-38.0809753],[145.378995,-38.0809563],[145.3789368,-38.0809139],[145.3789233,-38.0808578],[145.3789201,-38.0807572],[145.3789374,-38.0806668],[145.378969,-38.0805959],[145.3790271,-38.0805415],[145.3791227,-38.0804996],[145.3791692,-38.0804718],[145.3791669,-38.0804455],[145.3791591,-38.0804277],[145.3790456,-38.0803317],[145.3789711,-38.0802769],[145.3777463,-38.0805236],[145.3769755,-38.0805216],[145.3777632,-38.0811653],[145.3784887,-38.0823291],[145.3784876,-38.0824495],[145.3785072,-38.0827242],[145.3785099,-38.08276],[145.3788563,-38.0828033],[145.3787315,-38.0834264],[145.3787599,-38.0834571],[145.379174,-38.0835089],[145.3789567,-38.0845946],[145.3789408,-38.0845925],[145.378884,-38.0848775],[145.3805418,-38.085084]]]}},{"type":"Feature","properties":{"id":1485793395,"name":"Unnamed green space","category":"park"},"geometry":{"type":"Polygon","coordinates":[[[145.3767309,-38.0671391],[145.3755,-38.0724972],[145.3759714,-38.0725625],[145.3757515,-38.0735678],[145.3756394,-38.0740857],[145.3755634,-38.0741005],[145.3754994,-38.0741178],[145.375463,-38.0741331],[145.3754314,-38.0741521],[145.375422,-38.0741717],[145.3754223,-38.0741913],[145.3751964,-38.0741666],[145.3751881,-38.0742066],[145.3751972,-38.0742466],[145.3752176,-38.0742866],[145.3752458,-38.0743254],[145.3753016,-38.0743966],[145.3753701,-38.0744666],[145.3754079,-38.074595],[145.3754266,-38.0748538],[145.3754304,-38.0751216],[145.3754697,-38.075369],[145.3740454,-38.0760593],[145.3736976,-38.0765429],[145.3737291,-38.0766333],[145.3737528,-38.0767279],[145.3737734,-38.0768195],[145.3737862,-38.0769112],[145.3737528,-38.0769149],[145.3737635,-38.077038],[145.3737603,-38.0771611],[145.3737516,-38.0772971],[145.3737351,-38.077411],[145.3735605,-38.0782782],[145.3735886,-38.0783088],[145.3735496,-38.0785186],[145.3735632,-38.0787726],[145.3735217,-38.0789882],[145.3735141,-38.0790893],[145.3736062,-38.0791365],[145.376287,-38.0794648],[145.3764335,-38.0796029],[145.3766219,-38.079728],[145.3769433,-38.0798845],[145.3769894,-38.0798768],[145.3770398,-38.0798537],[145.3770819,-38.079832],[145.3771186,-38.0798134],[145.3771425,-38.0797982],[145.3771595,-38.079781],[145.3771724,-38.0797592],[145.3771359,-38.0795857],[145.3772916,-38.0794993],[145.3776004,-38.0794955],[145.3778917,-38.0795316],[145.3779271,-38.079741],[145.3779555,-38.0797843],[145.3781044,-38.0800076],[145.3783553,-38.0799742],[145.3785826,-38.0798025],[145.378647,-38.079751],[145.3814155,-38.080107],[145.3769878,-38.0785655],[145.3770259,-38.0784333],[145.3770857,-38.0781411],[145.3770644,-38.0777166],[145.3771015,-38.0776186],[145.3774304,-38.0772707],[145.3774172,-38.0771586],[145.3771627,-38.0769653],[145.3771561,-38.0768783],[145.3771833,-38.0768274],[145.3772552,-38.0767593],[145.377456,-38.0765811],[145.3774725,-38.076417],[145.3774265,-38.0763125],[145.3774536,-38.0762529],[145.3776354,-38.0761816],[145.3776788,-38.0759935],[145.3776734,-38.0759026],[145.3776599,-38.075833],[145.3775461,-38.0758116],[145.3775633,-38.0757395],[145.3775624,-38.0752781],[145.3772094,-38.0754122],[145.3772006,-38.0752475],[145.3770661,-38.0751817],[145.3769479,-38.075165],[145.376977,-38.0751421],[145.377062,-38.0750997],[145.377109,-38.0750936],[145.3772376,-38.0750543],[145.3774514,-38.0749203],[145.3775395,-38.0747659],[145.3776415,-38.0746345],[145.3777679,-38.0744369],[145.3781589,-38.0744408],[145.378178,-38.0739953],[145.3779986,-38.0739333],[145.3779262,-38.0739066],[145.3779107,-38.0738628],[145.3779096,-38.0737369],[145.3779155,-38.0736408],[145.3779502,-38.0734613],[145.3779985,-38.0732968],[145.3780827,-38.0731729],[145.3782546,-38.0729512],[145.3784595,-38.0728112],[145.3786928,-38.072458],[145.3786604,-38.0722365],[145.3786279,-38.0721599],[145.3785805,-38.0721003],[145.3785304,-38.0720386],[145.3785871,-38.072004],[145.3786777,-38.0719217],[145.3787353,-38.0718517],[145.3787765,-38.0717817],[145.378789,-38.0717238],[145.3787798,-38.0716658],[145.3787533,-38.0716074],[145.3787143,-38.0715655],[145.37864,-38.0715256],[145.3785728,-38.0715014],[145.3786107,-38.0713779],[145.3786132,-38.0713146],[145.3786033,-38.0712672],[145.3785851,-38.071219],[145.3785612,-38.0711872],[145.3785295,-38.0711518],[145.3784864,-38.0711176],[145.3784188,-38.0710806],[145.3783605,-38.0710547],[145.3783133,-38.071014],[145.3782536,-38.0709771],[145.3781885,-38.0709493],[145.3781125,-38.0709289],[145.3783807,-38.0706591],[145.3785917,-38.0705368],[145.378772,-38.0705892],[145.3788349,-38.0706007],[145.3788901,-38.0706061],[145.3789507,-38.0706036],[145.3790223,-38.0705925],[145.3793821,-38.0705219],[145.3794548,-38.0705541],[145.3795081,-38.0705727],[145.3795642,-38.0705829],[145.3796127,-38.0705856],[145.3796551,-38.0705806],[145.3797731,-38.0705594],[145.3799332,-38.070462],[145.3799409,-38.0704539],[145.3799672,-38.0704558],[145.3799915,-38.0704628],[145.380031,-38.0704683],[145.3800886,-38.0704696],[145.380148,-38.0704609],[145.3802073,-38.0704398],[145.3802642,-38.0704078],[145.3803037,-38.0703906],[145.3804992,-38.0703794],[145.3805394,-38.070386],[145.3805988,-38.0703904],[145.3806689,-38.0703877],[145.3807243,-38.0703795],[145.3808034,-38.0703614],[145.3808815,-38.0703334],[145.3809302,-38.0703246],[145.381072,-38.0703172],[145.3811068,-38.070316],[145.3811785,-38.0703091],[145.3812395,-38.0702986],[145.3812855,-38.0702889],[145.3813363,-38.0702683],[145.3815357,-38.0702528],[145.381578,-38.0702461],[145.3816261,-38.0702331],[145.3816735,-38.0702122],[145.3818625,-38.0701067],[145.3818949,-38.0700844],[145.3820033,-38.0700336],[145.3820645,-38.069999],[145.3821055,-38.0699682],[145.3789684,-38.0683441],[145.3782231,-38.0676178],[145.3774593,-38.0675578],[145.3767309,-38.0671391]]]}},{"type":"Feature","properties":{"id":1529045675,"name":"Unnamed green space","category":"park"},"geometry":{"type":"Polygon","coordinates":[[[145.3023724,-38.1296594],[145.3024225,-38.1294086],[145.3017618,-38.1293252],[145.3017115,-38.1295747],[145.3020277,-38.1296152],[145.3023724,-38.1296594]]]}},{"type":"Feature","properties":{"id":1529045676,"name":"Unnamed green space","category":"park"},"geometry":{"type":"Polygon","coordinates":[[[145.3025512,-38.1287643],[145.3025992,-38.1285235],[145.3025593,-38.1284811],[145.3024617,-38.1284587],[145.3023465,-38.1284449],[145.3023086,-38.1284662],[145.3022574,-38.1287266],[145.3025512,-38.1287643]]]}},{"type":"Feature","properties":{"id":1531341680,"name":"Unnamed green space","category":"park"},"geometry":{"type":"Polygon","coordinates":[[[145.3745014,-38.1338738],[145.3744303,-38.1342115],[145.3746809,-38.134244],[145.3747203,-38.1342219],[145.3747327,-38.134162],[145.3747184,-38.1341136],[145.3745014,-38.1338738]]]}},{"type":"Feature","properties":{"id":1531341684,"name":"Unnamed green space","category":"park"},"geometry":{"type":"Polygon","coordinates":[[[145.3773654,-38.1351956],[145.3773465,-38.1352848],[145.3779091,-38.1353583],[145.3779279,-38.1352696],[145.3773654,-38.1351956]]]}},{"type":"Feature","properties":{"id":1531341685,"name":"Unnamed green space","category":"park"},"geometry":{"type":"Polygon","coordinates":[[[145.3771854,-38.1351719],[145.376589,-38.1350936],[145.3765703,-38.1351825],[145.3771665,-38.1352608],[145.3771854,-38.1351719]]]}},{"type":"Feature","properties":{"id":1531341686,"name":"Unnamed green space","category":"park"},"geometry":{"type":"Polygon","coordinates":[[[145.3773739,-38.1336756],[145.3774296,-38.133929],[145.3776547,-38.1338019],[145.3775257,-38.1336595],[145.3774743,-38.1336478],[145.3773739,-38.1336756]]]}},{"type":"Feature","properties":{"id":1533138161,"name":"Unnamed green space","category":"park"},"geometry":{"type":"Polygon","coordinates":[[[145.3673714,-38.1149324],[145.3669721,-38.114883],[145.3669309,-38.1150786],[145.367025,-38.1151813],[145.3673151,-38.1152171],[145.3673714,-38.1149324]]]}},{"type":"Feature","properties":{"id":1546282072,"name":"Unnamed green space","category":"park"},"geometry":{"type":"Polygon","coordinates":[[[145.3117681,-38.1004542],[145.3116732,-38.1004432],[145.3116315,-38.1005701],[145.3115978,-38.1006971],[145.3115709,-38.10081],[145.311548,-38.1009229],[145.3116778,-38.1010656],[145.3117489,-38.1010718],[145.3118407,-38.100464],[145.3117681,-38.1004542]]]}},{"type":"Feature","properties":{"id":1546282073,"name":"Unnamed green space","category":"park"},"geometry":{"type":"Polygon","coordinates":[[[145.3107517,-38.0972503],[145.3103393,-38.0971948],[145.3100373,-38.0974369],[145.3104474,-38.0974927],[145.3107517,-38.0972503]]]}},{"type":"Feature","properties":{"id":1546282077,"name":"Unnamed green space","category":"park"},"geometry":{"type":"Polygon","coordinates":[[[145.3075978,-38.0994616],[145.3069371,-38.1000309],[145.3070103,-38.1000576],[145.3070562,-38.1000891],[145.3070645,-38.1000954],[145.3072912,-38.1001256],[145.3080019,-38.0995149],[145.3075978,-38.0994616]]]}},{"type":"Feature","properties":{"id":1546282086,"name":"Unnamed green space","category":"park"},"geometry":{"type":"Polygon","coordinates":[[[145.3015285,-38.0993618],[145.3034148,-38.0996082],[145.3050353,-38.0979247],[145.3074951,-38.0968142],[145.3041799,-38.0963704],[145.3041591,-38.0964027],[145.3041081,-38.0964743],[145.3040702,-38.0965284],[145.303856,-38.0968338],[145.3022221,-38.0988837],[145.3015285,-38.0993618]]]}},{"type":"Feature","properties":{"id":1546282104,"name":"Unnamed green space","category":"park"},"geometry":{"type":"Polygon","coordinates":[[[145.2963805,-38.0812428],[145.2962988,-38.0816812],[145.2964326,-38.0816975],[145.2965322,-38.0811695],[145.2965088,-38.0811669],[145.2963805,-38.0812428]]]}},{"type":"Feature","properties":{"id":1546282105,"name":"Unnamed green space","category":"park"},"geometry":{"type":"Polygon","coordinates":[[[145.2965527,-38.0803232],[145.2964877,-38.0806649],[145.296561,-38.0808907],[145.2965832,-38.0808933],[145.2966869,-38.0803407],[145.2965527,-38.0803232]]]}},{"type":"Feature","properties":{"id":1546282113,"name":"Unnamed green space","category":"park"},"geometry":{"type":"Polygon","coordinates":[[[145.2998369,-38.0825954],[145.2995384,-38.0825572],[145.298594,-38.0824366],[145.2985807,-38.0825012],[145.298579,-38.0825831],[145.2986056,-38.0826972],[145.2986121,-38.0827474],[145.2986165,-38.0827988],[145.2986165,-38.0828546],[145.2986092,-38.0829117],[145.298593,-38.0829742],[145.2985779,-38.0830204],[145.2985577,-38.0830696],[145.2985312,-38.0831182],[145.2984883,-38.0831798],[145.298459,-38.0832413],[145.2984445,-38.0832945],[145.298442,-38.0833575],[145.2984533,-38.0834151],[145.2984754,-38.0834713],[145.2985087,-38.0835193],[145.2985515,-38.0835666],[145.2986029,-38.0836059],[145.2986645,-38.0836424],[145.2987297,-38.0836681],[145.2988189,-38.0836858],[145.2992783,-38.0837432],[145.2993225,-38.0837518],[145.2993573,-38.0837598],[145.2993885,-38.0837718],[145.2994189,-38.0837877],[145.2994587,-38.0838128],[145.299487,-38.0838362],[145.2995153,-38.0838653],[145.299537,-38.0839001],[145.2995558,-38.0839389],[145.2995624,-38.0839634],[145.2995674,-38.0839919],[145.2995669,-38.0840375],[145.299651,-38.0835863],[145.2998369,-38.0825954]]]}},{"type":"Feature","properties":{"id":1546616687,"name":"Unnamed green space","category":"park"},"geometry":{"type":"Polygon","coordinates":[[[145.3575643,-38.1104799],[145.357492,-38.1108635],[145.3578057,-38.1109021],[145.3578357,-38.1107494],[145.3578189,-38.1105828],[145.3577223,-38.1105004],[145.3575643,-38.1104799]]]}},{"type":"Feature","properties":{"id":18095058,"name":"Carlisle Park Vikings Cricket Club","category":"park"},"geometry":{"type":"Polygon","coordinates":[[[145.2909038,-38.0857396],[145.2907888,-38.0866476],[145.2909056,-38.0866595],[145.2911399,-38.0866881],[145.291292,-38.0867068],[145.2912838,-38.0867496],[145.2912161,-38.0871753],[145.2912089,-38.0872279],[145.2911985,-38.0872877],[145.2931646,-38.0874734],[145.2945775,-38.0876129],[145.294644,-38.0876113],[145.2909038,-38.0857396]]]}},{"type":"Feature","properties":{"id":18095058,"name":"Carlisle Park Vikings Cricket Club","category":"park"},"geometry":{"type":"Polygon","coordinates":[[[145.294644,-38.0876113],[145.2945709,-38.0875679],[145.2936688,-38.0875119],[145.2932276,-38.0865202],[145.2934085,-38.0857592],[145.2917879,-38.0855795],[145.2909038,-38.0857396],[145.294644,-38.0876113]]]}}]}
